manifold,surface,monodromy,dilatation,polynomial coefficients,singularity orders,puncture orders,primitive,abelian
4_1,S_1_1,aB,2.61803398875,"[1, -3, 1]",[2],[2],True,True
6_2,S_2_1,abcD,2.15372137554,"[1, -3, 3, -3, 1]","[2, 4, 4]",[2],True,True
6_3,S_2_1,abCD,2.01535718128,"[1, -1, 0, -4, 0, -1, 1]","[2, 3, 3, 3, 3]",[2],True,False
7_6,S_2_1,abCd,3.50606805595,"[1, -3, -1, -3, 1]","[3, 3, 4]",[4],True,False
7_7,S_2_1,abCF,2.96557263399,"[1, -3, 1, -3, 1]","[3, 3, 4]",[4],False,False
8_12,S_2_1,aBcD,4.39025688452,"[1, -7, 13, -7, 1]",[6],[6],True,True
8_20,S_2_1,abCDf,1.68491015272,"[1, -1, -1, 0, 0, 0, -1, -1, 1]","[1, 3, 3, 3, 3, 3]",[1],True,False
8_21,S_2_1,abcDF,2.61803398875,"[1, -3, 1]","[2, 4, 4]",[2],True,True
9_42,S_2_1,abcdF,1.96355303899,"[1, -2, -1, 3, -1, -2, 1]","[1, 3, 3, 3, 3, 3]",[1],True,False
9_44,S_2_1,abCDF,2.79497230347,"[1, -2, 0, -6, 0, -2, 1]","[2, 3, 3, 3, 3]",[2],True,False
9_45,S_2_1,aBcdF,4.25422831506,"[1, -6, 8, -4, 8, -6, 1]","[3, 3, 3, 3]",[3],True,False
9_48,S_2_1,aaBAcf,5.10696460773,"[1, -7, 11, -7, 1]",[6],[6],False,True
10_132,S_2_1,abaCDf,1.72208380574,"[1, -1, -1, -1, 1]","[1, 3, 4, 4]",[1],True,False
10_133,S_2_1,abcDDF,3.31651242917,"[1, -5, 7, -5, 1]","[2, 4, 4]",[2],True,True
10_136,S_2_1,aBcdf,3.2542636339,"[1, -3, 0, -3, 1]","[2, 3, 3, 3, 3]",[2],True,False
10_137,S_2_1,abCdF,3.73205080757,"[1, -4, 1]","[3, 3, 3, 3]",[3],True,False
10_140,S_2_1,abbCDf,1.88320350591,"[1, -2, 1, -2, 1]","[1, 3, 3, 3, 3, 3]",[1],True,False
10_145,S_2_1,aabAcf,2.36920540709,"[1, -1, -3, -1, 1]",[6],[6],True,True
11n1,S_2_1,aBcdFF,5.14308131424,"[1, -7, 10, -4, 10, -7, 1]","[3, 3, 3, 3]",[3],True,False
11n12,S_2_1,abCDCF,2.96557263399,"[1, -3, 1, -3, 1]","[2, 3, 3, 4]",[2],True,False
11n28,S_2_1,abCDFF,3.62468590098,"[1, -3, 0, -8, 0, -3, 1]","[2, 3, 3, 3, 3]",[2],True,False
11n38,S_2_1,abacdF,1.91649826367,"[1, -1, -1, -1, 0, -1, -1, -1, 1]","[1, 3, 3, 3, 3, 3]",[1],True,False
11n49,S_2_1,abbcdF,2.36920540709,"[1, -1, -3, -1, 1]","[1, 3, 3, 3, 3, 3]",[1],True,False
11n74,S_2_1,aaBACBaadf,4.13015994972,"[1, -3, -4, -3, 1]","[2, 3, 3, 3, 3]",[2],True,False
11n91,S_2_1,aBBcdF,6.16584758545,"[1, -8, 12, -6, 12, -8, 1]","[3, 3, 3, 3]",[3],True,False
11n102,S_2_1,aabACf,2.75146476231,"[1, -3, 2, -4, 2, -3, 1]","[2, 3, 3, 3, 3]",[2],True,False
11n113,S_2_1,aBcBdF,7.1678944427,"[1, -9, 14, -8, 14, -9, 1]","[3, 3, 3, 3]",[3],True,False
11n116,S_2_1,abAbcdF,2.61803398875,"[1, -3, 1]","[1, 3, 3, 3, 3, 3]",[1],True,False
11n142,S_2_1,aaBAcDf,5.55193337226,"[1, -8, 15, -8, 1]","[4, 4]",[4],True,True
12n0013,S_2_1,abCddF,4.7132553331,"[1, -7, 12, -8, 12, -7, 1]","[3, 3, 3, 3]",[3],True,False
12n0025,S_2_1,aBacdf,3.50606805595,"[1, -3, -1, -3, 1]","[2, 3, 3, 4]",[2],True,False
12n0079,S_2_1,abcDDDF,4.17467389403,"[1, -6, 9, -6, 1]","[2, 4, 4]",[2],True,True
12n0121,S_2_1,aabaCDf,1.88320350591,"[1, -2, 1, -2, 1]","[1, 7]",[1],True,False
12n0145,S_2_1,abbCdF,4.52560322875,"[1, -6, 6, 2, 6, -6, 1]","[3, 3, 3, 3]",[3],True,False
12n0282,S_2_1,abaCdF,4.39025688452,"[1, -7, 13, -7, 1]","[3, 3, 4]",[3],True,False
12n0462,S_2_1,aaBAcBdF,4.5024767466,"[1, -4, 0, -10, 0, -4, 1]","[2, 3, 3, 3, 3]",[2],True,False
12n0582,S_2_1,abbbCDf,2.018790937,"[1, -1, -2, 1, -2, -1, 1]","[1, 3, 3, 3, 3, 3]",[1],True,False
12n0642,S_2_1,aabbcBAf,8.79462104746,"[1, -7, -15, -7, 1]",[6],[6],False,True
12n0838,S_2_1,aabacBAdCF,4.33064006431,"[1, -5, 4, -5, 1]","[2, 3, 3, 3, 3]",[2],False,False
8_2,S_3_1,abcdeF,2.04249053394,"[1, -3, 3, -3, 3, -3, 1]","[2, 6, 6]",[2],True,True
8_5,S_3_1,abcdeH,2.29663026289,"[1, -2, 0, -2, 1]","[2, 3, 3, 3, 3, 3, 3, 3, 3]",[2],True,False
8_7,S_3_1,abcdEF,1.80978933347,"[1, -1, 0, -2, 0, -2, 0, -1, 1]","[2, 3, 3, 5, 5]",[2],True,False
8_9,S_3_1,abcDEF,1.75487766625,"[1, -1, 2, -1]","[2, 4, 4, 4, 4]",[2],True,True
8_10,S_3_1,abcDEh,2.11383134565,"[1, -3, 3, -4, 5, -5, 5, -4, 3, -3, 1]","[2, 3, 3, 3, 3, 3, 3, 3, 3]",[2],True,False
8_16,S_3_1,abcBdCeH,2.46363282286,"[1, -3, 1, 2, -4, 2, 1, 2, -4, 2, 1, -3, 1]","[3, 3, 3, 3, 3, 3, 3, 3]",[3],True,False
8_17,S_3_1,abcbDCEH,2.34869345836,"[1, -3, 1, 2, -2, -2, 7, -2, -2, 2, 1, -3, 1]","[3, 3, 3, 3, 3, 3, 3, 3]",[3],True,False
8_18,S_3_1,abAcBdEDCHcd,2.61803398875,"[1, -3, 1]","[4, 4, 4, 4]",[4],True,True
9_11,S_3_1,abcdEf,3.42227550137,"[1, -3, -1, -1, -1, -3, 1]","[4, 5, 5]",[4],True,False
9_17,S_3_1,aBCDEf,2.42122995631,"[1, -3, 1, 1, 1, -3, 1]","[4, 5, 5]",[4],False,False
9_20,S_3_1,abcDef,3.17600239149,"[1, -3, 1, -5, 1, -3, 1]","[3, 3, 4, 4, 4]",[4],True,False
9_22,S_3_1,abcdEH,2.84893055574,"[1, -2, -4, 2, 7, 2, -4, -2, 1]","[3, 3, 3, 3, 3, 3, 4]",[4],True,False
9_24,S_3_1,abcDEH,2.8653183884,"[1, -3, 2, -5, 2, -3, 1]","[3, 3, 4, 4, 4]",[4],True,False
9_26,S_3_1,abcDEf,2.73866152994,"[1, -3, 3, -7, 3, -3, 1]","[3, 3, 4, 4, 4]",[4],True,False
9_27,S_3_1,abCDEf,2.47541210131,"[1, -3, 3, -5, 3, -3, 1]","[3, 3, 4, 4, 4]",[4],True,False
9_28,S_3_1,abCdeH,2.79497230347,"[1, -2, 0, -6, 0, -2, 1]","[3, 3, 3, 3, 3, 3, 4]",[4],True,False
9_29,S_3_1,abAbCDEH,3.51004848484,"[1, -3, -3, 4, 1, -1, 1, 4, -3, -3, 1]","[3, 3, 3, 3, 3, 3, 4]",[4],True,False
9_30,S_3_1,abCDeH,2.73892361537,"[1, -3, 0, 1, 1, 4, 1, 1, 0, -3, 1]","[3, 3, 3, 3, 3, 3, 4]",[4],True,False
9_31,S_3_1,abCDef,2.59513342853,"[1, -1, 0, -8, -4, -8, 0, -1, 1]","[3, 3, 3, 3, 3, 3, 4]",[4],False,False
9_32,S_3_1,abcbDCeH,3.2893206941,"[1, -5, 7, -4, -4, 9, -4, -4, 7, -5, 1]","[3, 3, 3, 3, 3, 5]",[5],True,False
9_33,S_3_1,abcBdCEH,3.20998902857,"[1, -5, 7, -4, -2, 7, -2, -4, 7, -5, 1]","[3, 3, 3, 3, 3, 5]",[5],True,False
9_34,S_3_1,aabAcBeHCD,3.37644113432,"[1, -5, 7, -6, 2, 3, 2, -6, 7, -5, 1]","[3, 3, 3, 3, 3, 5]",[5],True,False
9_36,S_3_1,abcDeh,3.66417311645,"[1, -3, -3, 2, 1, -3, 1, 2, -3, -3, 1]","[3, 3, 3, 3, 3, 3, 4]",[4],True,False
9_40,S_3_1,abacbHCBDCed,3.73205080757,"[1, -4, 1]","[3, 3, 3, 3, 6]",[6],True,False
9_43,S_3_1,abcdEh,2.22586791398,"[1, -3, 2, -1, 2, -3, 1]","[2, 4, 4, 4, 4]",[2],True,True
9_47,S_3_1,aabAcBEHCD,2.29663026289,"[1, -2, 0, -2, 1]","[3, 3, 3, 3, 3, 3, 3, 3]",[3],True,False
10_29,S_3_1,abcDeF,4.22374834016,"[1, -7, 15, -17, 15, -7, 1]","[4, 4, 6]",[6],True,True
10_41,S_3_1,aBcdeF,3.51765765574,"[1, -7, 17, -21, 17, -7, 1]","[4, 4, 6]",[6],True,True
10_42,S_3_1,abCDeF,3.67370724839,"[1, -5, 6, -8, 16, -8, 6, -5, 1]","[3, 3, 3, 3, 6]",[6],True,False
10_43,S_3_1,abCdEF,4.09991550995,"[1, -5, 4, -4, 12, -4, 4, -5, 1]","[3, 3, 3, 3, 6]",[6],True,False
10_44,S_3_1,abCdeF,3.54534802176,"[1, -5, 6, -6, 12, -6, 6, -5, 1]","[3, 3, 3, 3, 6]",[6],True,False
10_45,S_3_1,aBCdeF,3.10868172121,"[1, -5, 8, -12, 20, -12, 8, -5, 1]","[3, 3, 3, 3, 6]",[6],True,False
10_59,S_3_1,aBcdEh,3.86090873308,"[1, -5, 3, 6, -4, 6, 3, -5, 1]","[3, 3, 3, 3, 6]",[6],True,False
10_60,S_3_1,aBCDeh,3.29416844036,"[1, -4, 0, 8, 0, -4, 1]","[3, 3, 3, 3, 6]",[6],True,False
10_69,S_3_1,abAbCDef,3.58370482985,"[1, -5, 8, -14, 16, -14, 8, -5, 1]","[3, 3, 3, 3, 6]",[6],True,False
10_70,S_3_1,abcDeH,3.91463481699,"[1, -7, 16, -19, 16, -7, 1]","[4, 4, 6]",[6],True,True
10_71,S_3_1,abCdEH,3.89741457388,"[1, -5, 5, -6, 14, -6, 5, -5, 1]","[3, 3, 3, 3, 6]",[6],True,False
10_73,S_3_1,abCDeh,3.56697229317,"[1, -3, 0, -7, 0, -3, 1]","[3, 3, 3, 3, 6]",[6],True,False
10_75,S_3_1,abAbCDEf,3.1478990357,"[1, -3, 4, -1]","[4, 4, 6]",[6],False,True
10_78,S_3_1,abCdeh,4.41948036579,"[1, -4, -1, -4, 1]","[3, 3, 3, 3, 6]",[6],True,False
10_81,S_3_1,abcBDcEH,5.20731867588,"[1, -4, -4, -11, -4, -4, 1]","[3, 3, 3, 3, 6]",[6],True,False
10_88,S_3_1,abCBdcEH,4.02559943792,"[1, -7, 17, -27, 33, -27, 17, -7, 1]","[3, 3, 3, 7]",[7],True,False
10_89,S_3_1,abCBehcD,4.08527731524,"[1, -6, 10, -11, 10, -6, 1]","[3, 3, 3, 7]",[7],True,False
10_96,S_3_1,abAbCDeH,4.06248908086,"[1, -5, 3, 4, -4, 4, 3, -5, 1]","[3, 3, 3, 3, 6]",[6],True,False
10_105,S_3_1,abcBeHCd,4.82571108122,"[1, -4, -2, -9, -2, -4, 1]","[3, 3, 3, 3, 6]",[6],True,False
10_107,S_3_1,abcBDCEh,4.89214241506,"[1, -4, -2, -11, -2, -4, 1]","[3, 3, 3, 3, 6]",[6],True,False
10_110,S_3_1,abcDehCD,5.17814486979,"[1, -6, 3, 7, -4, 7, 3, -6, 1]","[3, 3, 3, 3, 6]",[6],True,False
10_115,S_3_1,abAcbdEDcHCD,5.453134551,"[1, -8, 18, -28, 35, -28, 18, -8, 1]","[3, 3, 3, 7]",[7],True,False
10_125,S_3_1,abcdEGh,1.53292549111,"[1, -1, -1, 0, 0, 1, 0, 0, -1, -1, 1]","[1, 3, 3, 3, 3, 3, 4, 4]",[1],True,False
10_126,S_3_1,abcDEGh,1.69685129194,"[1, -1, -2, 2, 0, -2, 0, 2, -2, -1, 1]","[1, 3, 3, 3, 3, 3, 3, 3, 3, 3]",[1],True,False
10_127,S_3_1,abcdeGH,2.57595432299,"[1, -2, -1, -1, 0, -1, -1, -2, 1]","[2, 3, 3, 3, 3, 3, 3, 3, 3]",[2],True,False
10_138,S_3_1,aBCDeH,2.61803398875,"[1, -3, 1]","[4, 4, 4, 4]",[4],True,True
10_141,S_3_1,abcBdehCDEG,1.88320350591,"[1, -2, 1, -2, 1]","[2, 6, 6]",[2],True,True
10_143,S_3_1,abcbdcEDCGH,2.12100804282,"[1, -1, -3, 0, 3, 1, -4, 1, 3, 0, -3, -1, 1]","[2, 3, 3, 3, 3, 3, 3, 3, 3]",[2],True,False
10_148,S_3_1,abcBEGhcD,2.36920540709,"[1, -1, -3, -1, 1]","[2, 3, 3, 3, 3, 3, 3, 3, 3]",[2],True,False
10_149,S_3_1,abcBdceGH,3.34359469343,"[1, -4, 1, 4, 1, -4, 3, -4, 1, 4, 1, -4, 1]","[3, 3, 3, 3, 3, 3, 3, 3]",[3],True,False
10_150,S_3_1,abcbdCeH,3.06426464203,"[1, -3, -1, 2, 2, -2, 1, -2, 2, 2, -1, -3, 1]","[3, 3, 3, 3, 3, 3, 3, 3]",[3],True,False
10_151,S_3_1,abcBDCEH,2.80693343489,"[1, -1, -3, -4, -4, -1, -4, -4, -3, -1, 1]","[3, 3, 3, 3, 3, 3, 3, 3]",[3],True,False
10_153,S_3_1,abcBEGhcd,1.75237722822,"[1, -2, 1, -1, 1, -1, 0, -2, 0, -1, 1, -1, 1, -2, 1]","[1, 3, 3, 3, 3, 3, 3, 3, 3, 3]",[1],True,False
10_154,S_3_1,abcBehcd,2.67509946332,"[1, 0, -4, -7, -4, 0, 1]",[10],[10],True,True
10_155,S_3_1,abcbDCEGh,1.96355303899,"[1, -2, -1, 3, -1, -2, 1]","[2, 3, 3, 3, 3, 3, 3, 3, 3]",[2],False,False
10_156,S_3_1,abcbDCEh,2.44573369647,"[1, -1, -1, -4, -4, -1, -4, -4, -1, -1, 1]","[3, 3, 3, 3, 3, 3, 3, 3]",[3],True,False
10_157,S_3_1,abCDCeGhcBdce,3.85554053692,"[1, -6, 11, -13, 11, -6, 1]","[4, 4, 4, 4]",[4],False,True
10_158,S_3_1,aabAcbDCEH,2.64192325494,"[1, -1, -4, 0, 0, -6, 0, 0, -4, -1, 1]","[3, 3, 3, 3, 3, 3, 3, 3]",[3],True,False
10_159,S_3_1,abacBDCEGHcdE,2.57170025458,"[1, -3, 0, 3, 0, 0, -3, 0, 0, 3, 0, -3, 1]","[3, 3, 3, 3, 3, 3, 3, 3]",[3],True,False
10_160,S_3_1,abcBdCeh,2.86746937664,"[1, -2, -2, -3, 3, 4, 3, -3, -2, -2, 1]","[3, 3, 3, 3, 3, 3, 3, 3]",[3],True,False
10_161,S_3_1,abcbdCeh,1.98779316685,"[1, 0, -2, -3, -2, 0, 1]",[10],[10],True,True
11a5,S_3_1,aBcdEH,4.28052047897,"[1, -7, 14, -13, 14, -7, 1]","[3, 3, 8]",[8],True,False
11a17,S_3_1,abcBDceH,6.12847524961,"[1, -8, 12, -5, 12, -8, 1]","[3, 3, 8]",[8],True,False
11a42,S_3_1,abCdEh,5.0827067531,"[1, -7, 10, -3, 10, -7, 1]","[3, 3, 8]",[8],True,False
11a51,S_3_1,aBcDeh,4.41948036579,"[1, -4, -1, -4, 1]","[3, 3, 8]",[8],True,False
11a96,S_3_1,aBcDEf,4.34565876409,"[1, -7, 13, -9, 13, -7, 1]","[3, 3, 8]",[8],True,False
11a121,S_3_1,aBcdEf,4.03746214078,"[1, -7, 13, -7, 13, -7, 1]","[3, 3, 8]",[8],False,False
11a128,S_3_1,abAbCDeF,4.22374834016,"[1, -7, 15, -17, 15, -7, 1]","[3, 3, 8]",[8],True,False
11a159,S_3_1,abCdEf,4.70662241056,"[1, -7, 11, -3, 11, -7, 1]","[3, 3, 8]",[8],True,False
11a209,S_3_1,aBcBdCEh,5.49859913262,"[1, -8, 16, -15, 16, -8, 1]","[3, 3, 8]",[8],True,False
11a218,S_3_1,abcBDCeh,5.78274283926,"[1, -8, 14, -9, 14, -8, 1]","[3, 3, 8]",[8],True,False
11a228,S_3_1,abcBEHCd,5.87239449722,"[1, -8, 14, -11, 14, -8, 1]","[3, 3, 8]",[8],True,False
11n4,S_3_1,abCBdCegH,3.09685884405,"[1, -3, -2, 6, 1, -11, 1, 6, -2, -3, 1]","[3, 3, 3, 3, 3, 3, 4]",[4],True,False
11n5,S_3_1,abCBEghCD,3.72077699582,"[1, -6, 9, 0, -9, 9, -9, 0, 9, -6, 1]","[3, 3, 3, 3, 3, 5]",[5],True,False
11n6,S_3_1,abCBDCegH,2.89948982008,"[1, -4, 4, -4, 6, -7, 12, -7, 6, -4, 4, -4, 1]","[3, 3, 3, 3, 3, 3, 3, 3]",[3],True,False
11n7,S_3_1,abcBdcEH,3.91609977173,"[1, -5, 3, 6, -4, -1, -4, 6, 3, -5, 1]","[3, 3, 3, 3, 3, 5]",[5],True,False
11n8,S_3_1,abcBehcD,4.51320990611,"[1, -5, 1, 6, -2, -3, -2, 6, 1, -5, 1]","[3, 3, 3, 3, 3, 5]",[5],True,False
11n10,S_3_1,abcBeGhcD,5.01707936068,"[1, -6, 3, 10, -1, -3, -1, 10, 3, -6, 1]","[3, 3, 3, 3, 3, 3, 4]",[4],True,False
11n11,S_3_1,abcBdcEGH,3.78322759677,"[1, -4, 0, 2, 4, 3, -10, 3, 4, 2, 0, -4, 1]","[3, 3, 3, 3, 3, 3, 3, 3]",[3],True,False
11n14,S_3_1,abcDeGh,4.35598762355,"[1, -6, 6, 7, -8, -4, 10, -4, -8, 7, 6, -6, 1]","[3, 3, 3, 3, 3, 3, 3, 3]",[3],True,False
11n15,S_3_1,abcdEGH,2.72706946011,"[1, -2, -2, 1, -2, -2, 1]","[2, 3, 3, 3, 3, 3, 3, 3, 3]",[2],True,False
11n19,S_3_1,abcdeGh,1.83925384621,"[1, -1, -1, 0, -2, 0, 1, -1, 1, 0, -2, 0, -1, -1, 1]","[1, 3, 3, 3, 3, 3, 3, 3, 3, 3]",[1],True,False
11n21,S_3_1,abcbDCEgH,2.85378713903,"[1, -4, 3, 2, -3, -4, 9, -4, -3, 2, 3, -4, 1]","[3, 3, 3, 3, 3, 3, 3, 3]",[3],True,False
11n22,S_3_1,abcBDCegH,3.15968906539,"[1, -3, 0, -2, 2, -2, 0, -3, 1]","[3, 3, 3, 3, 3, 3, 3, 3]",[3],True,False
11n24,S_3_1,abcBdCegH,2.27670593031,"[1, -3, 2, 0, -2, 0, 2, -3, 1]","[2, 3, 3, 3, 3, 3, 3, 3, 3]",[2],True,False
11n25,S_3_1,abcBdCeGH,2.86168464428,"[1, -4, 3, 2, -5, 4, -1, 4, -5, 2, 3, -4, 1]","[3, 3, 3, 3, 3, 3, 3, 3]",[3],True,False
11n26,S_3_1,abcbdCEGH,3.33373471471,"[1, -4, 2, 0, 2, 3, -6, 3, 2, 0, 2, -4, 1]","[3, 3, 3, 3, 3, 3, 3, 3]",[3],True,False
11n31,S_3_1,abcBEhcd,2.68718085205,"[1, -2, -1, -1, -1, -5, -2, -5, -1, -1, -1, -2, 1]","[2, 3, 3, 3, 3, 3, 3, 3, 3]",[2],True,False
11n32,S_3_1,abcBDCeH,3.32245733592,"[1, -3, -1, -1, 3, -1, -1, -3, 1]","[3, 3, 3, 3, 3, 5]",[5],True,False
11n33,S_3_1,abcbdCEH,3.47758152243,"[1, -5, 5, 2, -4, 3, -4, 2, 5, -5, 1]","[3, 3, 3, 3, 3, 5]",[5],True,False
11n37,S_3_1,abcbDCEGH,2.11809170233,"[1, -3, 3, -3, 2, -2, 2, -3, 3, -3, 1]","[2, 3, 3, 3, 3, 3, 3, 3, 3]",[2],True,False
11n48,S_3_1,abcBdeHCDEG,2.1248601212,"[1, -1, -1, 0, -6, 0, -1, -1, 1]","[2, 3, 3, 3, 3, 3, 3, 3, 3]",[2],True,False
11n51,S_3_1,aBCDegH,2.44477150445,"[1, -3, 1, -1, 5, -1, 1, -3, 1]","[3, 3, 3, 3, 4, 4]",[3],True,False
11n52,S_3_1,aBCDEgh,3.01356088714,"[1, -4, 1, 7, -1, -7, -1, 7, 1, -4, 1]","[3, 3, 3, 3, 3, 3, 4]",[4],True,False
11n53,S_3_1,aBCdegH,2.59194079464,"[1, -3, -1, 7, -4, -4, 10, -4, -4, 7, -1, -3, 1]","[3, 3, 3, 3, 3, 3, 3, 3]",[3],True,False
11n54,S_3_1,abCDegH,2.57595432299,"[1, -2, -1, -1, 0, -1, -1, -2, 1]","[3, 3, 3, 3, 3, 3, 3, 3]",[3],True,False
11n55,S_3_1,abCDEgh,3.1422628772,"[1, -4, 4, -5, 4, -4, 1]","[3, 3, 4, 4, 4]",[4],True,False
11n56,S_3_1,abCdegH,2.63791655189,"[1, -1, -2, -4, -4, -2, -4, -4, -2, -1, 1]","[3, 3, 3, 3, 3, 3, 3, 3]",[3],True,False
11n58,S_3_1,abcDEgh,2.89439703382,"[1, -4, 5, -7, 7, -7, 7, -7, 5, -4, 1]","[2, 3, 3, 3, 3, 3, 3, 3, 3]",[2],True,False
11n59,S_3_1,abcDegH,3.73205080757,"[1, -4, 1]","[3, 3, 3, 3, 4, 4]",[3],True,False
11n66,S_3_1,abAbCdeH,4.14253248442,"[1, -5, 5, -8, 10, -8, 5, -5, 1]","[3, 3, 3, 3, 6]",[6],True,False
11n70,S_3_1,abcdegH,2.19231955475,"[1, -1, -3, 0, 2, 0, -1, 1, -1, 0, 2, 0, -3, -1, 1]","[1, 3, 3, 3, 3, 3, 3, 3, 3, 3]",[1],True,False
11n80,S_3_1,abcBeGhcd,2.64461273538,"[1, -2, -4, 4, 6, 0, -4, 2, -4, 0, 6, 4, -4, -2, 1]","[1, 3, 3, 3, 3, 3, 3, 3, 3, 3]",[1],True,False
11n82,S_3_1,abcbdcEDCGh,2.08101899662,"[1, -1, -2, -1, 1]","[2, 3, 3, 3, 3, 4, 4]",[2],True,False
11n85,S_3_1,abcDCBedCgH,2.91924830868,"[1, -3, 0, 1, 0, -3, 1]","[4, 5, 5]",[4],True,False
11n86,S_3_1,abAcBdEDCGHcd,2.40207279594,"[1, -3, 2, -2, 2, -1, 0, -1, 2, -2, 2, -3, 1]","[3, 3, 3, 3, 3, 3, 3, 3]",[3],True,False
11n87,S_3_1,abCBdcEDgeH,3.13000103003,"[1, -2, -3, -2, 1]","[4, 5, 5]",[4],True,False
11n89,S_3_1,abcBdceDgEH,4.84677467837,"[1, -5, -1, 8, 3, -5, 3, 8, -1, -5, 1]","[3, 3, 3, 3, 3, 3, 4]",[4],True,False
11n92,S_3_1,abcdGhCdE,2.05606468522,"[1, -1, 0, -2, -1, -5, -4, -5, -1, -2, 0, -1, 1]","[2, 3, 3, 3, 3, 3, 3, 3, 3]",[2],True,False
11n94,S_3_1,abAcBdEDCgHcd,3.31651242917,"[1, -5, 7, -5, 1]","[4, 4, 4, 4]",[4],True,True
11n95,S_3_1,abAcbdCeDGh,3.41394228947,"[1, -1, -4, -10, -12, -10, -4, -1, 1]","[3, 3, 3, 3, 3, 3, 3, 3]",[3],True,False
11n96,S_3_1,abacEHCBDCEdG,2.15372137554,"[1, -3, 3, -3, 1]","[2, 3, 3, 4, 4, 4]",[2],True,False
11n98,S_3_1,abAbCDEh,4.17467389403,"[1, -6, 9, -6, 1]","[4, 4, 6]",[6],True,True
11n103,S_3_1,abcBcDef,4.68544196345,"[1, -5, 2, -4, 8, -4, 2, -5, 1]","[3, 3, 3, 3, 6]",[6],True,False
11n105,S_3_1,abcBdcEDgeH,4.41948036579,"[1, -4, -1, -4, 1]","[3, 3, 4, 4, 4]",[4],True,False
11n106,S_3_1,abcBdCeDcgH,2.28604295325,"[1, -3, 3, -4, 3, -3, 3, -4, 3, -3, 1]","[2, 3, 3, 3, 3, 3, 3, 3, 3]",[2],True,False
11n108,S_3_1,abAcbdceHCDeG,5.55655914883,"[1, -7, 8, 1, -6, 7, -6, 1, 8, -7, 1]","[3, 3, 3, 3, 3, 5]",[5],True,False
11n109,S_3_1,abAcbdCeDgH,5.06626594921,"[1, -4, -7, 5, 15, 5, -7, -4, 1]","[3, 3, 3, 3, 3, 3, 4]",[4],True,False
11n110,S_3_1,abacBdEDCGHcd,2.63844845332,"[1, -3, 0, 4, -4, -1, 4, -1, -4, 4, 0, -3, 1]","[3, 3, 3, 3, 3, 3, 3, 3]",[3],True,False
11n111,S_3_1,abcBdceGh,2.07234125909,"[1, -3, 1, 2, 0, 0, -1, 0, 0, 2, 1, -3, 1]","[1, 3, 3, 3, 3, 3, 3, 3, 3, 3]",[1],True,False
11n112,S_3_1,abAcbdCeDCCGh,3.51282400704,"[1, -4, 1, 4, -7, 6, -1, 6, -7, 4, 1, -4, 1]","[3, 3, 3, 3, 3, 3, 3, 3]",[3],True,False
11n115,S_3_1,abcBeHCD,3.48657280738,"[1, -4, 2, -1, 2, -4, 1]","[3, 3, 3, 3, 3, 5]",[5],True,False
11n118,S_3_1,abcdCCeGh,2.84750683644,"[1, -4, 4, -3, 4, -4, 1]","[2, 4, 4, 4, 4]",[2],True,True
11n119,S_3_1,abccDCEgH,3.35962321103,"[1, -4, 2, 1, -1, -2, -1, 1, 2, -4, 1]","[3, 3, 3, 3, 3, 3, 4]",[4],True,False
11n121,S_3_1,abcbDCeh,4.19647215107,"[1, -5, 3, 2, -2, 1, -2, 2, 3, -5, 1]","[3, 3, 3, 3, 3, 5]",[5],True,False
11n124,S_3_1,abcBdCEh,3.51932907549,"[1, -5, 5, 2, -6, 7, -6, 2, 5, -5, 1]","[3, 3, 3, 3, 3, 5]",[5],True,False
11n125,S_3_1,abaCBdcEgHCDE,3.64260787528,"[1, -4, 2, -1, -7, 7, -7, -1, 2, -4, 1]","[3, 3, 3, 3, 3, 3, 4]",[4],True,False
11n127,S_3_1,aBcDegHCd,3.28217490618,"[1, -3, -2, 4, 1, -9, 1, 4, -2, -3, 1]","[3, 3, 3, 3, 3, 3, 4]",[4],True,False
11n128,S_3_1,abcbdcEDCgH,3.28560583782,"[1, -4, 2, 3, -7, 2, 3, 2, -7, 3, 2, -4, 1]","[3, 3, 3, 3, 3, 3, 3, 3]",[3],True,False
11n129,S_3_1,abcdCCEGh,3.2762851586,"[1, -2, -4, -1, 0, 4, 0, 4, 0, -1, -4, -2, 1]","[2, 3, 3, 3, 3, 3, 3, 3, 3]",[2],True,False
11n130,S_3_1,abcBDehCDEG,3.33280785037,"[1, -4, 2, 1, -1, -2, 9, -2, -1, 1, 2, -4, 1]","[3, 3, 3, 3, 3, 3, 3, 3]",[3],True,False
11n131,S_3_1,aabAcbDCeH,3.59558071082,"[1, -2, -4, -5, -4, -2, 1]","[3, 3, 3, 3, 3, 5]",[5],True,False
11n135,S_3_1,abcbdCEh,2.47889225953,"[1, -2, -1, -1, 2, -1, -1, -2, 1]","[2, 3, 3, 3, 3, 4, 4]",[2],True,False
11n137,S_3_1,abAbCdef,4.85861454311,"[1, -7, 13, -15, 13, -7, 1]","[4, 4, 6]",[6],True,True
11n143,S_3_1,abbcbdccdEGh,2.03978150353,"[1, -2, 1, -3, 3, -4, 4, -4, 3, -3, 1, -2, 1]","[2, 3, 3, 3, 3, 3, 3, 3, 3]",[2],True,False
11n144,S_3_1,abcDegHCd,4.65906454119,"[1, -5, 3, -7, 3, -5, 1]","[3, 3, 4, 4, 4]",[4],True,False
11n145,S_3_1,abcBdcEGh,2.15660593385,"[1, -1, -3, -1, 3, 1, 4, 1, 3, -1, -3, -1, 1]","[1, 3, 3, 3, 3, 3, 3, 3, 3, 3]",[1],True,False
11n146,S_3_1,abcBegHCD,3.30331720143,"[1, -2, -2, -7, 0, -6, 0, -7, -2, -2, 1]","[3, 3, 3, 3, 3, 3, 3, 3]",[3],True,False
11n154,S_3_1,abAcBcDCEgH,3.98475008885,"[1, -6, 9, -2, -11, 17, -11, -2, 9, -6, 1]","[3, 3, 3, 3, 3, 5]",[5],True,False
11n156,S_3_1,abbcHCBDCedH,3.70093203146,"[1, -6, 10, -5, -3, 5, -3, -5, 10, -6, 1]","[3, 3, 3, 3, 3, 5]",[5],True,False
11n157,S_3_1,abAcBdCegHCdE,4.04901217229,"[1, -4, 0, -1, 1, -1, 1, -1, 0, -4, 1]","[3, 3, 3, 3, 3, 3, 4]",[4],True,False
11n159,S_3_1,abAcbdCBGhCDE,4.21934548498,"[1, -4, -2, 5, 1, -13, 1, 5, -2, -4, 1]","[3, 3, 3, 3, 3, 3, 4]",[4],True,False
11n160,S_3_1,abAcBeGhCCd,3.81200288003,"[1, -4, -1, 7, -1, -3, -1, 7, -1, -4, 1]","[3, 3, 3, 3, 3, 3, 4]",[4],True,False
11n163,S_3_1,abAbcbDCeH,4.5895118275,"[1, -7, 15, -23, 27, -23, 15, -7, 1]","[3, 3, 3, 7]",[7],True,False
11n164,S_3_1,abacbhCBDCed,4.10219113412,"[1, -3, -4, -1, -4, -3, 1]","[3, 3, 3, 3, 3, 3, 4]",[4],True,False
11n165,S_3_1,abacbHCBDCeD,4.06172523877,"[1, -5, 5, -6, 6, -6, 5, -5, 1]","[3, 3, 3, 3, 6]",[6],True,False
11n167,S_3_1,abAcbdCEDGh,4.21327171553,"[1, -4, -2, 4, 2, 5, -10, 5, 2, 4, -2, -4, 1]","[3, 3, 3, 3, 3, 3, 3, 3]",[3],True,False
11n168,S_3_1,abAbcBDCEH,4.41311794019,"[1, -5, 1, 8, -4, -1, -4, 8, 1, -5, 1]","[3, 3, 3, 3, 3, 5]",[5],True,False
11n172,S_3_1,abcBdCEGh,3.37059544277,"[1, -4, 2, 0, 0, 7, -10, 7, 0, 0, 2, -4, 1]","[3, 3, 3, 3, 3, 3, 3, 3]",[3],True,False
11n176,S_3_1,abAcbdCegHCDE,3.92132516594,"[1, -5, 4, 2, -5, 2, 4, -5, 1]","[3, 3, 3, 3, 3, 3, 4]",[4],True,False
11n179,S_3_1,abAcBEhCCd,4.10219113412,"[1, -3, -4, -1, -4, -3, 1]","[3, 3, 3, 3, 6]",[6],True,False
11n183,S_3_1,abacbhCBdCed,3.54645544468,"[1, -2, -5, -2, 1]",[10],[10],True,True
12a0125,S_3_1,abCBEhCd,6.90407535141,"[1, -12, 44, -67, 44, -12, 1]",[10],[10],True,True
12a0181,S_3_1,aBcDeH,5.55193337226,"[1, -8, 15, -8, 1]",[10],[10],True,True
12a0477,S_3_1,aBcDeF,5.04891733952,"[1, -5, 6, -1]",[10],[10],True,True
12a1124,S_3_1,abAcBdEDcHCd,7.69853223445,"[1, -10, 19, -10, 1]",[10],[10],True,True
12n0001,S_3_1,abcBDCEgH,3.07464536424,"[1, -2, -3, -2, 1, 7, 1, -2, -3, -2, 1]","[3, 3, 3, 3, 3, 3, 3, 3]",[3],True,False
12n0003,S_3_1,abcBdCEgH,3.95099324461,"[1, -6, 9, -4, -1, 11, -1, -4, 9, -6, 1]","[3, 3, 3, 3, 3, 3, 4]",[4],True,False
12n0004,S_3_1,abCBEghcD,3.51075637776,"[1, -6, 11, -8, -1, 5, -1, -8, 11, -6, 1]","[3, 3, 3, 3, 3, 5]",[5],True,False
12n0005,S_3_1,abCBDcegH,4.24090133185,"[1, -6, 8, -3, 6, -14, 6, -3, 8, -6, 1]","[3, 3, 3, 3, 3, 5]",[5],True,False
12n0007,S_3_1,abcbdCeGH,3.26818921512,"[1, -4, 1, 4, 3, -4, 1, -4, 3, 4, 1, -4, 1]","[3, 3, 3, 3, 3, 3, 3, 3]",[3],True,False
12n0009,S_3_1,abcbDCeGH,3.99916248352,"[1, -6, 9, -4, -3, 13, -3, -4, 9, -6, 1]","[3, 3, 3, 3, 3, 3, 4]",[4],True,False
12n0010,S_3_1,abCBdcegH,3.16392534094,"[1, -2, -3, -1, -3, -1, -3, -2, 1]","[3, 3, 3, 3, 3, 3, 4]",[4],True,False
12n0014,S_3_1,abCBeghCD,4.21552197894,"[1, -6, 8, -3, 8, -18, 8, -3, 8, -6, 1]","[3, 3, 3, 3, 3, 5]",[5],True,False
12n0015,S_3_1,abCBdCEgH,5.15905921432,"[1, -8, 15, 1, -15, 1, 15, -8, 1]","[3, 3, 3, 3, 6]",[6],True,False
12n0017,S_3_1,abCBdCEH,4.72568488395,"[1, -7, 11, 1, -11, 1, 11, -7, 1]","[3, 3, 3, 7]",[7],True,False
12n0018,S_3_1,abCBDceH,4.33559414393,"[1, -7, 13, -5, -5, -5, 13, -7, 1]","[3, 3, 3, 7]",[7],True,False
12n0019,S_3_1,abCBDCEgH,2.848767241,"[1, -4, 2, 6, -8, 1, 8, 1, -8, 6, 2, -4, 1]","[3, 3, 3, 3, 3, 3, 3, 3]",[3],True,False
12n0020,S_3_1,abcbDCegH,3.09680647068,"[1, -4, 4, -4, 0, 3, -2, 3, 0, -4, 4, -4, 1]","[3, 3, 3, 3, 3, 3, 3, 3]",[3],True,False
12n0024,S_3_1,abcBdCEGH,3.01964153514,"[1, -4, 4, -4, 2, 1, 2, 1, 2, -4, 4, -4, 1]","[3, 3, 3, 3, 3, 3, 3, 3]",[3],True,False
12n0035,S_3_1,aBCDegh,3.20683392873,"[1, -4, 2, 1, 1, 4, 1, 1, 2, -4, 1]","[3, 3, 3, 3, 3, 3, 4]",[4],True,False
12n0036,S_3_1,aBCdEgH,4.4512882538,"[1, -8, 18, -7, -17, 24, -17, -7, 18, -8, 1]","[3, 3, 3, 3, 3, 5]",[5],True,False
12n0038,S_3_1,abCDegh,3.44503725098,"[1, -2, -1, -11, -6, -11, -1, -2, 1]","[3, 3, 3, 3, 3, 3, 4]",[4],True,False
12n0039,S_3_1,abCdEgH,4.46942089598,"[1, -6, 7, -5, 20, -5, 7, -6, 1]","[3, 3, 3, 3, 3, 5]",[5],True,False
12n0041,S_3_1,aBCDEgH,2.36356892979,"[1, -3, 1, -1, 6, -2, 0, -2, 6, -1, 1, -3, 1]","[3, 3, 3, 3, 3, 3, 3, 3]",[3],True,False
12n0042,S_3_1,abcDEgH,3.22169308722,"[1, -6, 12, -13, 12, -6, 1]","[3, 3, 3, 3, 4, 4]",[3],True,False
12n0044,S_3_1,abcdEgH,3.61060987437,"[1, -6, 8, 5, -10, -2, 10, -2, -10, 5, 8, -6, 1]","[3, 3, 3, 3, 3, 3, 3, 3]",[3],True,False
12n0045,S_3_1,abCDEgH,2.44009478631,"[1, -1, -3, -2, 0, 5, 0, -2, -3, -1, 1]","[3, 3, 3, 3, 3, 3, 3, 3]",[3],True,False
12n0052,S_3_1,abAbCDeh,4.79128784748,"[1, -5, 1]","[3, 3, 8]",[8],True,False
12n0054,S_3_1,abcDegh,3.42422995405,"[1, -2, -4, -3, 0, 0, 0, 0, 0, -3, -4, -2, 1]","[2, 3, 3, 3, 3, 3, 3, 3, 3]",[2],True,False
12n0069,S_3_1,abCBEGhcd,4.65750066967,"[1, -6, 6, 1, 2, -6, 2, 1, 6, -6, 1]","[3, 3, 3, 3, 3, 5]",[5],True,False
12n0070,S_3_1,abCBdceGH,3.53308820309,"[1, -6, 11, -8, -3, 11, -3, -8, 11, -6, 1]","[3, 3, 3, 3, 3, 5]",[5],True,False
12n0072,S_3_1,abcBDcegH,6.03637071729,"[1, -7, 6, -4, 18, -4, 6, -7, 1]","[3, 3, 3, 3, 3, 5]",[5],True,False
12n0073,S_3_1,abcBEghcD,3.44213405837,"[1, -4, 1, 4, -3, 1, -3, 4, 1, -4, 1]","[3, 3, 3, 3, 3, 3, 3, 3]",[3],True,False
12n0076,S_3_1,abcBdceGGH,3.83207903772,"[1, -5, 3, 6, 0, -6, 5, -6, 0, 6, 3, -5, 1]","[3, 3, 3, 3, 3, 3, 3, 3]",[3],True,False
12n0097,S_3_1,abCBEGhcD,3.05924050851,"[1, -3, 0, 0, -3, 5, -3, 0, 0, -3, 1]","[3, 3, 3, 3, 3, 3, 4]",[4],True,False
12n0101,S_3_1,abAbcDcEHC,8.75691162858,"[1, -10, 12, -11, 12, -10, 1]","[3, 3, 8]",[8],True,False
12n0102,S_3_1,abAbcdceHC,4.33989237392,"[1, -4, -1, -3, 5, -5, 5, -3, -1, -4, 1]","[3, 3, 3, 3, 3, 3, 4]",[4],True,False
12n0119,S_3_1,abcBdcegH,2.91229357258,"[1, -1, -4, -4, -1, -1, -2, -1, -1, -4, -4, -1, 1]","[2, 3, 3, 3, 3, 3, 3, 3, 3]",[2],True,False
12n0120,S_3_1,abcBEGEhcD,2.33218007267,"[1, -3, 3, -4, 4, -7, 4, -4, 3, -3, 1]","[2, 3, 3, 3, 3, 3, 3, 3, 3]",[2],True,False
12n0140,S_3_1,abAbcDCegHC,6.51649161285,"[1, -8, 10, -3, 8, -18, 8, -3, 10, -8, 1]","[3, 3, 3, 3, 3, 5]",[5],True,False
12n0141,S_3_1,abAbcdgHCDE,4.08622373223,"[1, -5, 4, -2, 7, -15, 7, -2, 4, -5, 1]","[3, 3, 3, 3, 3, 3, 4]",[4],True,False
12n0142,S_3_1,abcDCBedcgH,3.20786219389,"[1, -3, 0, -1, -5, 6, -5, -1, 0, -3, 1]","[3, 3, 3, 3, 3, 3, 4]",[4],True,False
12n0143,S_3_1,abcBdceDgeH,3.09065785085,"[1, -4, 4, -4, 1]","[2, 3, 3, 3, 3, 3, 3, 3, 3]",[2],True,False
12n0144,S_3_1,abcBdCEDgEh,4.56691537406,"[1, -5, 2, -1, 1, 14, 1, -1, 2, -5, 1]","[3, 3, 3, 3, 3, 3, 4]",[4],True,False
12n0148,S_3_1,abcBcdef,3.30149043222,"[1, -1, -5, -7, -5, -1, 1]",[10],[10],True,True
12n0151,S_3_1,aBCdEGh,4.15710979986,"[1, -6, 8, -3, 8, -6, 1]","[3, 3, 3, 3, 3, 5]",[5],True,False
12n0152,S_3_1,aBCdeGH,3.14414192034,"[1, -4, 2, 1, 1, 8, 1, 1, 2, -4, 1]","[3, 3, 3, 3, 3, 3, 4]",[4],True,False
12n0157,S_3_1,abAbCDegH,3.98668730376,"[1, -5, 4, 0, 2, -6, 2, 0, 4, -5, 1]","[3, 3, 3, 3, 3, 5]",[5],True,False
12n0158,S_3_1,abAbCDEgh,4.31507245808,"[1, -8, 22, -31, 22, -8, 1]","[4, 4, 6]",[6],True,True
12n0160,S_3_1,aBcDEGh,3.85526706131,"[1, -5, 4, 2, -2, 2, -2, 2, 4, -5, 1]","[3, 3, 3, 3, 3, 5]",[5],True,False
12n0161,S_3_1,aBcdeGH,3.99677807081,"[1, -8, 22, -29, 22, -8, 1]","[4, 4, 6]",[6],True,True
12n0162,S_3_1,aBcdEGh,3.8265416019,"[1, -5, 4, 2, 0, -2, 0, 2, 4, -5, 1]","[3, 3, 3, 3, 3, 5]",[5],True,False
12n0164,S_3_1,abCdEGh,4.99427483513,"[1, -6, 5, -3, 16, -3, 5, -6, 1]","[3, 3, 3, 3, 3, 5]",[5],True,False
12n0165,S_3_1,abCdeGH,3.18818432067,"[1, -4, 4, -9, 15, -6, 15, -9, 4, -4, 1]","[3, 3, 3, 3, 3, 3, 4]",[4],True,False
12n0168,S_3_1,abcdeGGH,3.21678367832,"[1, -5, 6, -1, 1, -2, 1, -1, 6, -5, 1]","[2, 3, 3, 3, 3, 3, 3, 3, 3]",[2],True,False
12n0178,S_3_1,abcBcDEH,6.04030761721,"[1, -5, -4, -13, -4, -5, 1]","[3, 3, 3, 3, 6]",[6],True,False
12n0179,S_3_1,abcBcdeH,3.86392980994,"[1, -4, 0, 1, 5, -4, 1, -4, 5, 1, 0, -4, 1]","[3, 3, 3, 3, 3, 3, 3, 3]",[3],True,False
12n0183,S_3_1,abcBcDegH,7.05266044226,"[1, -8, 7, -5, 20, -5, 7, -8, 1]","[3, 3, 3, 3, 3, 5]",[5],True,False
12n0184,S_3_1,abcBcDEgh,4.11020716497,"[1, -5, 4, -1, -3, 7, -8, 7, -3, -1, 4, -5, 1]","[3, 3, 3, 3, 3, 3, 3, 3]",[3],True,False
12n0198,S_3_1,aBCDEGh,2.77765110234,"[1, -3, -1, 4, 2, -2, 1, -2, 2, 4, -1, -3, 1]","[3, 3, 3, 3, 3, 3, 3, 3]",[3],True,False
12n0199,S_3_1,abcDEDGh,1.74436368565,"[1, -1, -1, 0, 0, -2, 0, 2, 0, -2, 0, 0, -1, -1, 1]","[1, 3, 3, 3, 3, 3, 3, 3, 3, 3]",[1],True,False
12n0204,S_3_1,abAbCdeh,6.13350243087,"[1, -7, 6, -5, 6, -7, 1]","[3, 3, 8]",[8],True,False
12n0211,S_3_1,abAbCdegH,4.05481453233,"[1, -4, -1, 3, 0, 3, -1, -4, 1]","[3, 3, 3, 3, 3, 5]",[5],True,False
12n0218,S_3_1,abCDEGh,2.73602453586,"[1, -1, -3, -4, -2, 1, -2, -4, -3, -1, 1]","[3, 3, 3, 3, 3, 3, 3, 3]",[3],True,False
12n0230,S_3_1,abCBDCeH,3.16171760704,"[1, -4, 2, 1, 3, 0, 3, 1, 2, -4, 1]","[3, 3, 3, 3, 3, 3, 4]",[4],True,False
12n0269,S_3_1,abAbCdEH,4.92978905761,"[1, -7, 12, -11, 12, -7, 1]","[3, 3, 8]",[8],True,False
12n0271,S_3_1,abcDCBGHcdE,3.01877928747,"[1, -3, 0, 1, -5, 6, -5, 1, 0, -3, 1]","[3, 3, 3, 3, 3, 3, 4]",[4],True,False
12n0272,S_3_1,abcBdCEDgeH,4.17341155497,"[1, -3, -1, -14, -6, -14, -1, -3, 1]","[3, 3, 3, 3, 3, 3, 4]",[4],True,False
12n0273,S_3_1,abcBdceDgEh,2.69543941706,"[1, -2, -1, -2, 0, -2, -1, -2, 1]","[2, 3, 3, 3, 3, 3, 3, 3, 3]",[2],True,False
12n0276,S_3_1,abAcbdCdef,3.76750691215,"[1, -1, -7, -11, -7, -1, 1]",[10],[10],False,True
12n0280,S_3_1,aBccDCEgH,3.22169308722,"[1, -6, 12, -13, 12, -6, 1]","[4, 4, 4, 4]",[4],True,True
12n0281,S_3_1,aBccDCegH,3.85886357137,"[1, -4, 0, 1, 3, 4, 3, 1, 0, -4, 1]","[3, 3, 3, 3, 3, 3, 4]",[4],True,False
12n0284,S_3_1,aabAcBegHCD,3.16845734322,"[1, -4, 4, -6, 6, -5, 10, -5, 6, -6, 4, -4, 1]","[3, 3, 3, 3, 3, 3, 3, 3]",[3],True,False
12n0285,S_3_1,aabAcBEgHCD,2.82838463404,"[1, -1, -3, -5, -3, -1, 1]","[3, 3, 3, 3, 3, 3, 3, 3]",[3],True,False
12n0290,S_3_1,abcBdeGHcH,5.24700290718,"[1, -6, 2, 11, -3, -6, 5, -6, -3, 11, 2, -6, 1]","[3, 3, 3, 3, 3, 3, 3, 3]",[3],True,False
12n0295,S_3_1,abcDCBGhCdE,5.01491455117,"[1, -9, 26, -35, 26, -9, 1]","[4, 4, 6]",[6],True,True
12n0298,S_3_1,abAbcbDCEgH,3.82976738391,"[1, -6, 11, -12, 7, -3, 7, -12, 11, -6, 1]","[3, 3, 3, 3, 3, 5]",[5],True,False
12n0300,S_3_1,abcBdeHCDeG,4.46476543033,"[1, -5, 2, 1, 1, 10, 1, 1, 2, -5, 1]","[3, 3, 3, 3, 3, 3, 4]",[4],True,False
12n0302,S_3_1,abAbCdeF,5.00458477325,"[1, -7, 11, -7, 11, -7, 1]","[3, 3, 8]",[8],True,False
12n0303,S_3_1,abcdeGHH,3.54459911435,"[1, -5, 5, 1, -2, 2, -2, 1, 5, -5, 1]","[2, 3, 3, 3, 3, 3, 3, 3, 3]",[2],True,False
12n0309,S_3_1,abcdEGhh,1.66104776199,"[1, -2, 1, -1, 1, -1, 1, -2, 1]","[1, 5, 5, 5]",[1],True,False
12n0312,S_3_1,aBcDegHCD,3.12811675835,"[1, -3, 0, 0, -5, 5, -5, 0, 0, -3, 1]","[3, 3, 3, 3, 3, 3, 4]",[4],True,False
12n0314,S_3_1,abacbgHCBDCed,3.63198869308,"[1, -4, 2, -1, -5, 1, -5, -1, 2, -4, 1]","[3, 3, 3, 3, 3, 3, 4]",[4],True,False
12n0315,S_3_1,abAcBEGhCCd,3.89869667045,"[1, -4, 0, 1, 1, 4, 1, 1, 0, -4, 1]","[3, 3, 3, 3, 3, 3, 4]",[4],True,False
12n0316,S_3_1,abcBdceGHH,5.20154569558,"[1, -6, 3, 6, 1, -6, 5, -6, 1, 6, 3, -6, 1]","[3, 3, 3, 3, 3, 3, 3, 3]",[3],True,False
12n0318,S_3_1,abcBBEGhcd,1.81569891703,"[1, -3, 3, -1, -1, 1, -2, 1, -1, -1, 3, -3, 1]","[1, 3, 3, 3, 3, 3, 3, 3, 3, 3]",[1],True,False
12n0329,S_3_1,abAbcdeh,3.54645544468,"[1, -2, -5, -2, 1]",[10],[10],True,True
12n0336,S_3_1,abcBcdegH,3.72854935081,"[1, -2, -5, -5, -1, -1, -2, -1, -1, -5, -5, -2, 1]","[2, 3, 3, 3, 3, 3, 3, 3, 3]",[2],True,False
12n0337,S_3_1,abcBcDeF,5.38160007676,"[1, -7, 9, -3, 9, -7, 1]","[3, 3, 8]",[8],True,False
12n0340,S_3_1,abcBdeehCDEG,2.04249053394,"[1, -3, 3, -3, 3, -3, 1]","[2, 4, 4, 4, 4]",[2],True,True
12n0347,S_3_1,abcbdcEDCGHH,2.45667425043,"[1, -1, -4, 0, 3, 1, -6, 1, 3, 0, -4, -1, 1]","[2, 3, 3, 3, 3, 3, 3, 3, 3]",[2],True,False
12n0348,S_3_1,abcdGHCdE,4.78926982924,"[1, -5, 1, -1, 2, 14, 2, -1, 1, -5, 1]","[3, 3, 3, 3, 3, 3, 4]",[4],True,False
12n0349,S_3_1,abcdhCdE,3.28843850007,"[1, -3, -1, -1, 4, 0, -2, 0, 4, -1, -1, -3, 1]","[3, 3, 3, 3, 3, 3, 3, 3]",[3],True,False
12n0350,S_3_1,abAcbdcBGHCdE,5.56291748574,"[1, -7, 9, -7, 9, -8, 9, -7, 9, -7, 1]","[3, 3, 3, 3, 3, 5]",[5],True,False
12n0351,S_3_1,abcBdCeGh,3.12783007054,"[1, -4, 3, -3, 8, -5, 4, -5, 8, -3, 3, -4, 1]","[3, 3, 3, 3, 3, 3, 3, 3]",[3],True,False
12n0352,S_3_1,abCBEgHCD,2.61803398875,"[1, -3, 1]","[3, 3, 3, 3, 4, 4]",[3],True,False
12n0353,S_3_1,abAcBcDCEGh,5.30226496818,"[1, -9, 25, -33, 25, -9, 1]","[4, 4, 6]",[6],True,True
12n0354,S_3_1,abAcbdCBGHCDE,2.85620148321,"[1, -3, 0, 3, -6, 0, 7, 0, -6, 3, 0, -3, 1]","[3, 3, 3, 3, 3, 3, 3, 3]",[3],True,False
12n0355,S_3_1,abacbHCBDCED,2.66709645607,"[1, -3, 1, -1, 3, -4, 3, -1, 1, -3, 1]","[3, 3, 3, 3, 3, 3, 3, 3]",[3],True,False
12n0356,S_3_1,abacbHCBdCED,3.16966064645,"[1, -3, -1, 2, 1, -9, 1, 2, -1, -3, 1]","[3, 3, 3, 3, 3, 3, 4]",[4],True,False
12n0357,S_3_1,abacbhCBDCeD,6.00253038795,"[1, -8, 12, 2, -13, 2, 12, -8, 1]","[3, 3, 3, 7]",[7],True,False
12n0362,S_3_1,abAcbdcegHCDE,2.65060381228,"[1, -4, 5, -4, -1, 5, -1, -4, 5, -4, 1]","[3, 3, 3, 3, 3, 3, 3, 3]",[3],True,False
12n0363,S_3_1,abAcBdceHCDeG,4.93834623522,"[1, -7, 12, -9, -2, 11, -2, -9, 12, -7, 1]","[3, 3, 3, 3, 3, 5]",[5],True,False
12n0366,S_3_1,abcdhCde,4.44915619632,"[1, -2, -8, -11, -8, -2, 1]",[10],[10],True,True
12n0367,S_3_1,abAbcBDCEh,6.33828600428,"[1, -8, 12, -11, 12, -8, 1]","[3, 3, 8]",[8],True,False
12n0370,S_3_1,abbcbdccEGh,1.9748187083,"[1, -2, 1, -2, 1, -2, 1]","[2, 3, 3, 3, 3, 3, 3, 3, 3]",[2],True,False
12n0371,S_3_1,aabAcBdCBhcbDE,2.25645514686,"[1, -2, 0, -1, 0, -2, 1]","[2, 3, 3, 4, 4, 4]",[2],True,False
12n0372,S_3_1,aabacEHCBDcEdG,2.90598466329,"[1, -3, -1, 4, 0, -2, -1, -2, 0, 4, -1, -3, 1]","[3, 3, 3, 3, 3, 3, 3, 3]",[3],True,False
12n0373,S_3_1,abCCDCeGhcBdce,5.3190138702,"[1, -8, 18, -23, 18, -8, 1]","[4, 4, 4, 4]",[4],True,True
12n0375,S_3_1,abAcbdcbGHCDe,4.45685960783,"[1, -6, 5, 11, -11, -6, 14, -6, -11, 11, 5, -6, 1]","[3, 3, 3, 3, 3, 3, 3, 3]",[3],True,False
12n0377,S_3_1,abAcBdCegHcdE,3.15710618729,"[1, -2, -2, -3, -5, -5, -2, -5, -5, -3, -2, -2, 1]","[2, 3, 3, 3, 3, 3, 3, 3, 3]",[2],True,False
12n0385,S_3_1,abacbDCBegHCD,4.19418719157,"[1, -6, 9, -6, -1, 5, -1, -6, 9, -6, 1]","[3, 3, 3, 3, 3, 5]",[5],True,False
12n0388,S_3_1,abcDCBeDCgH,2.93437798199,"[1, -3, 0, 1, -3, 6, -3, 1, 0, -3, 1]","[3, 3, 3, 3, 3, 3, 4]",[4],True,False
12n0389,S_3_1,abCBdehCDEG,5.55193337226,"[1, -8, 15, -8, 1]","[4, 4, 6]",[6],True,True
12n0390,S_3_1,abccDCegH,3.94257366597,"[1, -4, 2, -9, 9, -6, 9, -9, 2, -4, 1]","[3, 3, 3, 3, 3, 3, 4]",[4],True,False
12n0392,S_3_1,abCBdcEh,4.82268856921,"[1, -7, 11, -1, -7, -1, 11, -7, 1]","[3, 3, 3, 7]",[7],True,False
12n0395,S_3_1,abAbcbDCeh,5.73141909542,"[1, -6, 0, 9, 0, -6, 1]","[3, 3, 3, 7]",[7],True,False
12n0396,S_3_1,abCBdcEdgeH,4.50042727396,"[1, -6, 8, -5, -5, 11, -5, -5, 8, -6, 1]","[3, 3, 3, 3, 3, 5]",[5],True,False
12n0397,S_3_1,abcBEgHCD,2.91500841956,"[1, -2, -1, -4, -3, 3, -3, -4, -1, -2, 1]","[3, 3, 3, 3, 3, 3, 3, 3]",[3],True,False
12n0398,S_3_1,aabAcbdCeH,3.49615805797,"[1, -3, -3, 4, 2, -2, 1, -2, 2, 4, -3, -3, 1]","[3, 3, 3, 3, 3, 3, 3, 3]",[3],True,False
12n0399,S_3_1,abAcBdCdEGh,4.70137448471,"[1, -5, 1, 1, 2, 10, 2, 1, 1, -5, 1]","[3, 3, 3, 3, 3, 3, 4]",[4],True,False
12n0400,S_3_1,abAcBDCeGHcde,4.95435046246,"[1, -7, 12, -9, -4, 15, -4, -9, 12, -7, 1]","[3, 3, 3, 3, 3, 5]",[5],True,False
12n0401,S_3_1,abcDegHCD,4.41213567301,"[1, -3, -2, -16, -8, -16, -2, -3, 1]","[3, 3, 3, 3, 3, 3, 4]",[4],True,False
12n0402,S_3_1,abAbcdef,2.69311767304,"[1, -1, -3, -3, -3, -1, 1]",[10],[10],True,True
12n0403,S_3_1,abAcbdCeDgh,2.5038226097,"[1, -2, -1, 0, -1, -2, 1]","[2, 3, 3, 3, 3, 3, 3, 3, 3]",[2],False,False
12n0407,S_3_1,abcbdceDCGH,3.54154144617,"[1, -4, 0, 5, 3, -2, 3, -2, 3, 5, 0, -4, 1]","[2, 3, 3, 3, 3, 3, 3, 3, 3]",[2],True,False
12n0408,S_3_1,abcBdcEDcGH,5.89096148547,"[1, -7, 7, -6, 20, -6, 7, -7, 1]","[3, 3, 3, 3, 3, 5]",[5],True,False
12n0409,S_3_1,abcBDGhcDE,2.89453786607,"[1, -1, -6, 1, 4, -4, -9, -4, 4, 1, -6, -1, 1]","[2, 3, 3, 3, 3, 3, 3, 3, 3]",[2],True,False
12n0420,S_3_1,aabAcBeGHCD,4.08583205055,"[1, -6, 9, -6, 3, 7, 3, -6, 9, -6, 1]","[3, 3, 3, 3, 3, 3, 4]",[4],True,False
12n0423,S_3_1,abAbcdCegHC,3.51535031825,"[1, -4, 1, 4, -5, -4, 11, -4, -5, 4, 1, -4, 1]","[3, 3, 3, 3, 3, 3, 3, 3]",[3],True,False
12n0431,S_3_1,abAccbDCEgH,4.37474256734,"[1, -6, 7, 3, -12, 3, 7, -6, 1]","[3, 3, 3, 3, 6]",[6],True,False
12n0433,S_3_1,abcBdcEh,2.56431223851,"[1, -2, -4, 3, 8, 2, 0, 2, 8, 3, -4, -2, 1]","[2, 3, 3, 3, 3, 3, 3, 3, 3]",[2],True,False
12n0434,S_3_1,abAcBdEDCGhcd,3.74291538663,"[1, -4, 1, 1, -6, 8, -6, 1, 1, -4, 1]","[3, 3, 3, 3, 3, 3, 4]",[4],True,False
12n0435,S_3_1,abaceHCBDCEdG,3.64260787528,"[1, -4, 2, -1, -7, 7, -7, -1, 2, -4, 1]","[3, 3, 3, 3, 3, 3, 4]",[4],True,False
12n0436,S_3_1,abacbHCBdceD,3.89038635454,"[1, -3, -2, -5, -2, -3, 1]","[3, 3, 3, 3, 3, 3, 4]",[4],True,False
12n0437,S_3_1,abcBcEGhcd,3.97137843989,"[1, -4, 0, -1, 5, 2, 5, -5, 5, 2, 5, -1, 0, -4, 1]","[1, 3, 3, 3, 3, 3, 3, 3, 3, 3]",[1],True,False
12n0438,S_3_1,abcbdceDCgH,3.24276981438,"[1, -2, -4, -1, 3, 0, -1, 1, -1, 0, 3, -1, -4, -2, 1]","[1, 3, 3, 3, 3, 3, 3, 3, 3, 3]",[1],True,False
12n0439,S_3_1,abcBDEGhcd,2.03838902193,"[1, -3, 2, 1, -2, -1, 2, -1, -2, 1, 2, -3, 1]","[1, 3, 3, 3, 3, 3, 3, 3, 3, 3]",[1],True,False
12n0441,S_3_1,abAcdeGHCbCh,6.7537663025,"[1, -7, 1, 4, 3, 1, 3, 4, 1, -7, 1]","[3, 3, 3, 3, 3, 3, 4]",[4],True,False
12n0446,S_3_1,abAcbdcehCDeG,2.51383511575,"[1, -2, -3, 5, -3, 0, 8, 0, -3, 5, -3, -2, 1]","[2, 3, 3, 3, 3, 3, 3, 3, 3]",[2],True,False
12n0449,S_3_1,abAcBeghCCd,3.31924636289,"[1, -3, -3, 6, 2, -2, 1, -2, 2, 6, -3, -3, 1]","[3, 3, 3, 3, 3, 3, 3, 3]",[3],True,False
12n0450,S_3_1,abacbGHCBDCed,4.18675293625,"[1, -7, 15, -17, 18, -17, 15, -7, 1]","[3, 3, 3, 3, 3, 5]",[5],True,False
12n0451,S_3_1,abacbbbeGhcd,2.64907404099,"[1, -1, -5, 1, 4, -3, -7, -3, 4, 1, -5, -1, 1]","[2, 3, 3, 3, 3, 3, 3, 3, 3]",[2],True,False
12n0454,S_3_1,abcBEGhcDD,3.4877918164,"[1, -2, -6, 2, 5, -4, -11, -4, 5, 2, -6, -2, 1]","[2, 3, 3, 3, 3, 3, 3, 3, 3]",[2],True,False
12n0456,S_3_1,abcBEGhcdd,2.95822669787,"[1, -3, 0, -1, 4, 0, 3, -9, 3, 0, 4, -1, 0, -3, 1]","[1, 3, 3, 3, 3, 3, 3, 3, 3, 3]",[1],True,False
12n0460,S_3_1,abAcbdcbgHCDE,3.78588592173,"[1, -4, 2, -3, -7, 7, -7, -3, 2, -4, 1]","[3, 3, 3, 3, 3, 3, 4]",[4],True,False
12n0461,S_3_1,abcBDehCDEg,3.80332946224,"[1, -6, 10, -7, 1, 7, 1, -7, 10, -6, 1]","[3, 3, 3, 3, 3, 3, 4]",[4],True,False
12n0463,S_3_1,abcDCBedCGH,3.89149929135,"[1, -6, 10, -7, -3, 13, -3, -7, 10, -6, 1]","[3, 3, 3, 3, 3, 5]",[5],True,False
12n0475,S_3_1,abcddEGh,1.68648159025,"[1, -2, 1, 0, -2, 2, -2, 2, -2, 0, 1, -2, 1]","[1, 3, 3, 3, 3, 3, 3, 3, 3, 3]",[1],True,False
12n0480,S_3_1,abCDCEGhcBdcE,4.22272241416,"[1, -4, -2, 5, 3, -23, 3, 5, -2, -4, 1]","[3, 3, 3, 3, 3, 3, 4]",[4],False,False
12n0481,S_3_1,abAcBdCeDCCGh,3.721802336,"[1, -4, -1, 9, -4, -9, 18, -9, -4, 9, -1, -4, 1]","[3, 3, 3, 3, 3, 3, 3, 3]",[3],True,False
12n0482,S_3_1,abacDCBeDcgHC,3.40249040781,"[1, -2, -3, -5, -3, -2, 1]","[3, 3, 3, 3, 3, 3, 4]",[4],True,False
12n0484,S_3_1,abbcHCBDCEdH,3.65750123985,"[1, -4, 1, 1, -1, 4, -6, 4, -1, 1, 1, -4, 1]","[3, 3, 3, 3, 3, 3, 3, 3]",[3],True,False
12n0487,S_3_1,abcBBdceGh,2.34414223374,"[1, -2, -2, 1, 3, 4, -3, 1, -3, 4, 3, 1, -2, -2, 1]","[1, 3, 3, 3, 3, 3, 3, 3, 3, 3]",[1],True,False
12n0488,S_3_1,abcdcEGh,1.84280687038,"[1, -1, -2, -1, 2, 1, 2, 1, 2, -1, -2, -1, 1]","[1, 3, 3, 3, 3, 3, 3, 3, 3, 3]",[1],True,False
12n0491,S_3_1,aBcBdCeDCgh,4.9064793661,"[1, -6, 5, 2, -1, 0, -1, 2, 5, -6, 1]","[3, 3, 3, 3, 3, 5]",[5],True,False
12n0495,S_3_1,abAbcdcegHCDE,3.28477346076,"[1, -4, 3, -3, 3, 0, -2, 0, 3, -3, 3, -4, 1]","[3, 3, 3, 3, 3, 3, 3, 3]",[3],True,False
12n0496,S_3_1,abAbcdcEDgeHC,8.03786653747,"[1, -10, 17, -10, 1]","[4, 4, 6]",[6],True,True
12n0497,S_3_1,abAbCdEF,5.47597075234,"[1, -7, 9, -5, 9, -7, 1]","[3, 3, 8]",[8],True,False
12n0499,S_3_1,aBCBBBEgHCBD,3.07143289079,"[1, -3, -1, 2, -1, 7, -1, 2, -1, -3, 1]","[3, 3, 3, 3, 3, 3, 4]",[4],True,False
12n0505,S_3_1,aBcdCCeGh,4.18484713291,"[1, -6, 7, 5, -12, 5, 7, -6, 1]","[3, 3, 3, 3, 6]",[6],True,False
12n0506,S_3_1,abcdCCEgh,4.23575613312,"[1, -6, 6, 9, -12, 0, 6, 0, -12, 9, 6, -6, 1]","[3, 3, 3, 3, 3, 3, 3, 3]",[3],True,False
12n0507,S_3_1,abcbdCEDCgH,3.60265055431,"[1, -6, 10, -5, -3, 13, -3, -5, 10, -6, 1]","[3, 3, 3, 3, 3, 3, 4]",[4],True,False
12n0514,S_3_1,abcBDEGhcD,2.68637442468,"[1, -1, -5, 1, 4, -5, -9, -5, 4, 1, -5, -1, 1]","[2, 3, 3, 3, 3, 3, 3, 3, 3]",[2],True,False
12n0522,S_3_1,abcDDEGh,2.00668204841,"[1, -1, -3, 3, -1, -2, -1, 3, -3, -1, 1]","[1, 3, 3, 3, 3, 3, 3, 3, 3, 3]",[1],True,False
12n0525,S_3_1,abCBeHcD,4.56949541557,"[1, -7, 13, -9, 3, -9, 13, -7, 1]","[3, 3, 3, 7]",[7],True,False
12n0528,S_3_1,abAbcbdCeh,4.81599486926,"[1, -2, -10, -15, -10, -2, 1]",[10],[10],True,True
12n0529,S_3_1,abcBeHcD,6.56077570487,"[1, -8, 10, -5, 10, -8, 1]","[3, 3, 8]",[8],True,False
12n0536,S_3_1,abAcBcDCegH,4.75026835833,"[1, -6, 6, -1, 6, -14, 6, -1, 6, -6, 1]","[3, 3, 3, 3, 3, 5]",[5],True,False
12n0542,S_3_1,abAccbDCeH,5.16005957323,"[1, -7, 12, -15, 12, -7, 1]","[3, 3, 8]",[8],True,False
12n0543,S_3_1,abAcDGhCbCdE,4.20473112453,"[1, -4, -3, 9, 2, -9, 4, -9, 2, 9, -3, -4, 1]","[3, 3, 3, 3, 3, 3, 3, 3]",[3],True,False
12n0548,S_3_1,abAcBGhCDDCed,4.87444402146,"[1, -8, 20, -27, 20, -8, 1]","[4, 4, 6]",[6],True,True
12n0549,S_3_1,abAcbdcbGGHCDE,2.61803398875,"[1, -3, 1]","[3, 3, 4, 4, 4]",[3],True,False
12n0552,S_3_1,abCBegHCD,2.83759795159,"[1, -4, 3, 1, -1, 1, 3, -4, 1]","[3, 3, 3, 3, 4, 4]",[3],True,False
12n0555,S_3_1,abAbccDCEf,4.61347026758,"[1, -2, 5, -1]","[3, 3, 8]",[8],False,False
12n0558,S_3_1,abcBcDEh,3.61297166368,"[1, -2, -4, -5, -5, -1, -5, -5, -4, -2, 1]","[3, 3, 3, 3, 3, 3, 3, 3]",[3],True,False
12n0577,S_3_1,abcBdCeDCCgH,2.27468176998,"[1, -1, -2, -1, 0, -3, -4, -3, 0, -1, -2, -1, 1]","[2, 3, 3, 3, 3, 3, 3, 3, 3]",[2],True,False
12n0579,S_3_1,abAcbdcBGhCdE,2.29776255986,"[1, -2, -3, 7, -5, -2, 12, -2, -5, 7, -3, -2, 1]","[2, 3, 3, 3, 3, 3, 3, 3, 3]",[2],True,False
12n0584,S_3_1,abcdHCdE,5.17814486979,"[1, -6, 3, 7, -4, 7, 3, -6, 1]","[3, 3, 3, 3, 6]",[6],True,False
12n0586,S_3_1,abcDeHCD,4.89214241506,"[1, -4, -2, -11, -2, -4, 1]","[3, 3, 3, 3, 6]",[6],True,False
12n0587,S_3_1,abcDEHCd,6.61847846761,"[1, -8, 10, -7, 10, -8, 1]","[3, 3, 8]",[8],True,False
12n0598,S_3_1,aabAcBeHCd,4.82571108122,"[1, -4, -2, -9, -2, -4, 1]","[3, 3, 3, 3, 6]",[6],True,False
12n0601,S_3_1,abccEhCD,3.19400965612,"[1, -2, -2, -5, -3, 3, -3, -5, -2, -2, 1]","[3, 3, 3, 3, 3, 3, 3, 3]",[3],True,False
12n0602,S_3_1,abceHCCd,5.99548549619,"[1, -6, 1, -6, 1]","[3, 3, 3, 3, 6]",[6],True,False
12n0612,S_3_1,aBcdGhCDE,5.77568883689,"[1, -9, 23, -29, 23, -9, 1]","[4, 4, 6]",[6],True,True
12n0614,S_3_1,abAcbdCBGhCdE,4.09549111073,"[1, -4, 0, -1, -3, 3, -3, -1, 0, -4, 1]","[3, 3, 3, 3, 3, 3, 4]",[4],True,False
12n0616,S_3_1,aBBCBDCCDEgH,3.51493764738,"[1, -4, 2, -1, -3, 11, -3, -1, 2, -4, 1]","[3, 3, 3, 3, 3, 3, 4]",[4],True,False
12n0617,S_3_1,abacbhCBdCeD,3.26643734015,"[1, -4, 2, 2, -3, 2, 2, -4, 1]","[3, 3, 3, 3, 4, 4]",[3],True,False
12n0621,S_3_1,abCBegHcD,4.44369725087,"[1, -6, 8, -7, 14, -22, 14, -7, 8, -6, 1]","[3, 3, 3, 3, 3, 5]",[5],True,False
12n0628,S_3_1,abCdCEDGhcBcH,5.4440157551,"[1, -7, 10, -9, 2, 9, 2, -9, 10, -7, 1]","[3, 3, 3, 3, 3, 5]",[5],True,False
12n0629,S_3_1,aabAcbDCEh,2.80693343489,"[1, -1, -3, -4, -4, -1, -4, -4, -3, -1, 1]","[3, 3, 3, 3, 3, 3, 3, 3]",[3],True,False
12n0630,S_3_1,abacGHCBDCEdC,3.05776906141,"[1, -3, 0, -2, 6, -5, 2, -5, 6, -2, 0, -3, 1]","[3, 3, 3, 3, 3, 3, 3, 3]",[3],True,False
12n0631,S_3_1,abAcbgHCBDCeD,4.27677254169,"[1, -4, -1, -1, 0, 4, 0, -1, -1, -4, 1]","[3, 3, 3, 3, 3, 3, 4]",[4],True,False
12n0634,S_3_1,abAcbdceDCCGh,3.95614497298,"[1, -4, -1, 4, 3, -2, 1, -2, 3, 4, -1, -4, 1]","[3, 3, 3, 3, 3, 3, 3, 3]",[3],True,False
12n0636,S_3_1,abCBdcEGh,4.73951733081,"[1, -6, 6, -1, 6, -10, 6, -1, 6, -6, 1]","[3, 3, 3, 3, 3, 5]",[5],True,False
12n0660,S_3_1,abacbdCehCdE,5.69746674474,"[1, -4, -9, -4, 1]",[10],[10],True,True
12n0672,S_3_1,abAbcDEhCh,4.07133817646,"[1, -4, 0, -1, -3, 10, -3, -1, 0, -4, 1]","[3, 3, 3, 3, 3, 3, 4]",[4],True,False
12n0690,S_3_1,abcBGhcdEd,5.14518509532,"[1, -4, -6, -1, 6, 8, 10, 8, 6, -1, -6, -4, 1]","[1, 3, 3, 3, 3, 3, 3, 3, 3, 3]",[1],True,False
12n0705,S_3_1,abcBdcEDCGh,5.57868693211,"[1, -7, 9, -10, 24, -10, 9, -7, 1]","[3, 3, 3, 3, 3, 5]",[5],True,False
12n0717,S_3_1,abacDcBEDCGHcd,3.35812013629,"[1, -3, -3, 7, -2, -6, 8, -6, -2, 7, -3, -3, 1]","[3, 3, 3, 3, 3, 3, 3, 3]",[3],True,False
12n0719,S_3_1,abaccBDCEGHcdE,3.44936806699,"[1, -4, 1, 4, -3, 0, -1, 0, -3, 4, 1, -4, 1]","[3, 3, 3, 3, 3, 3, 3, 3]",[3],True,False
12n0730,S_3_1,abbcbdccdeGh,3.20398040194,"[1, -2, -4, 0, 3, -2, -9, -2, 3, 0, -4, -2, 1]","[2, 3, 3, 3, 3, 3, 3, 3, 3]",[2],True,False
12n0732,S_3_1,abcBDeHCdEg,5.20003806089,"[1, -7, 10, -5, 10, -7, 1]","[3, 3, 3, 3, 3, 5]",[5],True,False
12n0745,S_3_1,abCdCBhcDE,6.37906797739,"[1, -9, 21, -33, 41, -33, 21, -9, 1]","[3, 3, 3, 7]",[7],True,False
12n0749,S_3_1,abcbdccceGh,1.86406000754,"[1, -1, -2, 0, 2, 0, -2, -1, 1]","[1, 3, 3, 3, 3, 3, 4, 4]",[1],True,False
12n0755,S_3_1,abAcbdcBGHCDe,6.57939707237,"[1, -9, 16, 2, -17, 2, 16, -9, 1]","[3, 3, 3, 3, 6]",[6],True,False
12n0757,S_3_1,abacBDeDCHcd,6.11237160667,"[1, -8, 12, -2, -5, -2, 12, -8, 1]","[3, 3, 3, 7]",[7],True,False
12n0763,S_3_1,abaCBAdCBehC,8.54672108686,"[1, -10, 14, -15, 14, -10, 1]","[3, 3, 8]",[8],True,False
12n0768,S_3_1,abbcbDCEGh,2.24200208018,"[1, 0, -3, -4, -1, 1, -1, -4, -3, 0, 1]","[2, 3, 3, 3, 3, 3, 3, 3, 3]",[2],True,False
12n0780,S_3_1,abacbGhCBDCEd,5.75070402786,"[1, -7, 7, 1, 1, -4, 1, 1, 7, -7, 1]","[3, 3, 3, 3, 3, 5]",[5],True,False
12n0798,S_3_1,abAcbdEDCHCD,4.62891806951,"[1, -5, 1, 4, -4, 4, 1, -5, 1]","[3, 3, 3, 3, 6]",[6],True,False
12n0818,S_3_1,abAcbdCCeH,6.33808962121,"[1, -7, 3, 8, -4, 8, 3, -7, 1]","[3, 3, 3, 3, 6]",[6],True,False
12n0826,S_3_1,abcBdeHCdEG,5.87163308684,"[1, -9, 20, -7, -19, 26, -19, -7, 20, -9, 1]","[3, 3, 3, 3, 3, 5]",[5],True,False
12n0835,S_3_1,aabCBADCBeDCgH,2.71571867708,"[1, -2, -2, -1, 2, 2, 2, 2, 2, -1, -2, -2, 1]","[1, 3, 3, 3, 3, 3, 3, 3, 3, 3]",[1],True,False
12n0847,S_3_1,abAcBdEDChcd,4.05016715449,"[1, -4, -2, 8, -2, -4, 1]","[3, 3, 3, 3, 6]",[6],True,False
12n0870,S_3_1,abAbCBDCegH,3.3679961743,"[1, -4, 2, 0, 2, -5, 12, -5, 2, 0, 2, -4, 1]","[3, 3, 3, 3, 3, 3, 3, 3]",[3],True,False
12n0871,S_3_1,abaCBAdcBEGhC,6.56028854922,"[1, -8, 10, -5, 12, -22, 12, -5, 10, -8, 1]","[3, 3, 3, 3, 3, 5]",[5],True,False
12n0878,S_3_1,abacBdcBHCDe,7.58416827078,"[1, -9, 12, -11, 12, -9, 1]","[3, 3, 8]",[8],True,False
10_2,S_4_1,abcdefgH,2.01128715144,"[1, -3, 3, -3, 3, -3, 3, -3, 1]","[2, 8, 8]",[2],True,True
10_5,S_4_1,abcdefGH,1.73887479445,"[1, -1, 0, -2, 0, 0, 0, -2, 0, -1, 1]","[2, 3, 3, 7, 7]",[2],True,False
10_9,S_4_1,abcdeFGH,1.63557312992,"[1, -2, 2, -3, 2, -2, 1]","[2, 4, 4, 6, 6]",[2],True,True
10_17,S_4_1,abcdEFGH,1.60750644419,"[1, -1, 0, 0, 0, -4, 0, 0, 0, -1, 1]","[2, 5, 5, 5, 5]",[2],True,False
10_46,S_4_1,abcdefgJ,2.25716110581,"[1, -3, 3, -4, 4, -5, 4, -4, 3, -4, 4, -5, 4, -4, 3, -3, 1]","[2, 3, 3, 3, 3, 3, 3, 3, 3, 3, 3, 3, 3]",[2],True,False
10_47,S_4_1,abcdeFGj,2.07714444348,"[1, -3, 4, -7, 9, -11, 12, -13, 14, -13, 12, -11, 9, -7, 4, -3, 1]","[2, 3, 3, 3, 3, 3, 3, 3, 3, 3, 3, 3, 3]",[2],True,False
10_48,S_4_1,abcdEFGJ,1.86025407928,"[1, -2, 0, 0, 2, -3, 2, 0, 0, -2, 1]","[2, 3, 3, 3, 3, 3, 3, 5, 5]",[2],True,False
10_62,S_4_1,abcdCedfEGHj,1.95375473981,"[1, -2, 1, -3, 3, -2, 3, -4, 3, -2, 3, -3, 1, -2, 1]","[2, 3, 3, 3, 3, 3, 3, 3, 3, 3, 3, 3, 3]",[2],True,False
10_64,S_4_1,abcdCeDFEGHJ,1.78164359861,"[1, -1, -1, 0, -1, -1, 1]","[2, 3, 3, 3, 3, 3, 3, 3, 3, 4, 4]",[2],True,False
10_82,S_4_1,abcdedFEGJ,2.17230338423,"[1, -3, 2, 0, -1, -1, 2, 0, 3, -4, 3, 0, 2, -1, -1, 0, 2, -3, 1]","[3, 3, 3, 3, 3, 3, 3, 3, 3, 3, 3, 3]",[3],True,False
10_85,S_4_1,abcdeDfEgJ,2.33800825437,"[1, -3, 2, 0, -3, 1, 0, 2, -3, 4, -3, 2, 0, 1, -3, 0, 2, -3, 1]","[3, 3, 3, 3, 3, 3, 3, 3, 3, 3, 3, 3]",[3],True,False
10_91,S_4_1,abcbdCeDFEGJ,2.17096592208,"[1, -3, 0, 6, -3, -5, 0, 10, 1, -15, 1, 10, 0, -5, -3, 6, 0, -3, 1]","[3, 3, 3, 3, 3, 3, 3, 3, 3, 3, 3, 3]",[3],True,False
10_94,S_4_1,abcBdCeDfEgJ,2.18345926191,"[1, -3, 0, 6, -3, -7, 6, 6, -3, -5, -3, 6, 6, -7, -3, 6, 0, -3, 1]","[3, 3, 3, 3, 3, 3, 3, 3, 3, 3, 3, 3]",[3],True,False
10_100,S_4_1,abcBdceDfGjeFG,2.51582402614,"[1, -3, 0, 5, -4, -5, 8, -1, -5, 6, -5, -1, 8, -5, -4, 5, 0, -3, 1]","[3, 3, 3, 3, 3, 3, 3, 3, 3, 3, 3, 3]",[3],True,False
10_112,S_4_1,abcdCeDfGFEJef,2.41313896186,"[1, -3, 2, -1, 0, -1, -4, 2, -1, 2, -4, -1, 0, -1, 2, -3, 1]","[3, 3, 3, 3, 3, 3, 3, 3, 3, 3, 4]",[4],True,False
10_139,S_4_1,abcdCedfEghj,1.40126836794,"[1, 0, -1, -1, -1, 0, 1]",[14],[14],True,True
11a7,S_4_1,abcdEFgJ,2.62956229515,"[1, -3, 0, 3, -2, 0, 6, 0, -2, 3, 0, -3, 1]","[3, 3, 3, 3, 4, 5, 5]",[4],True,False
11a9,S_4_1,abcdefGJ,2.80815129705,"[1, -3, 0, 1, 1, 1, 0, 1, 2, 1, 0, 1, 1, 1, 0, -3, 1]","[3, 3, 3, 3, 3, 3, 3, 3, 3, 3, 4]",[4],True,False
11a28,S_4_1,abcBdCeDfEGJ,2.89466566156,"[1, -5, 6, 4, -13, 3, 12, -2, -13, -2, 12, 3, -13, 4, 6, -5, 1]","[3, 3, 3, 3, 3, 3, 3, 3, 3, 5]",[5],True,False
11a33,S_4_1,aBCDEfgJ,2.34175872448,"[1, -3, 1, 0, 3, 0, -2, 3, 2, 3, -2, 0, 3, 0, 1, -3, 1]","[3, 3, 3, 3, 3, 3, 3, 3, 3, 3, 4]",[4],True,False
11a34,S_4_1,abcDEfgJ,2.55096582226,"[1, -3, 2, -3, 0, 4, 2, 4, 0, -3, 2, -3, 1]","[3, 3, 3, 3, 3, 3, 4, 4, 4]",[4],True,False
11a35,S_4_1,abCDEfgJ,2.33836602473,"[1, -1, -2, -1, -3, -1, -2, -1, 1]","[3, 3, 3, 3, 3, 3, 3, 3, 3, 3, 4]",[4],True,False
11a40,S_4_1,abcdEfgJ,2.67872373196,"[1, -1, -1, -6, -5, -8, -5, -6, -1, -1, 1]","[3, 3, 3, 3, 4, 5, 5]",[4],True,False
11a53,S_4_1,abcdedFEgJ,3.19435778029,"[1, -5, 8, -8, 3, -1, 0, 5, -8, 5, 0, -1, 3, -8, 8, -5, 1]","[3, 3, 3, 3, 3, 3, 3, 3, 3, 5]",[5],True,False
11a55,S_4_1,abcdeFGJ,2.77269534258,"[1, -3, 2, -5, 5, -5, 2, -3, 1]","[3, 3, 4, 6, 6]",[4],True,False
11a62,S_4_1,abcdeFgj,3.6520806718,"[1, -3, -2, -1, -1, -1, -2, -1, 2, -1, -2, -1, -1, -1, -2, -3, 1]","[3, 3, 3, 3, 3, 3, 3, 3, 3, 3, 4]",[4],True,False
11a66,S_4_1,abcbdCeDFEgJ,2.91641703554,"[1, -5, 6, 4, -13, 1, 16, 0, -19, 0, 16, 1, -13, 4, 6, -5, 1]","[3, 3, 3, 3, 3, 3, 3, 3, 3, 5]",[5],True,False
11a68,S_4_1,abcdeDfEGJ,3.08644073098,"[1, -5, 8, -8, 5, -1, 0, 3, -4, 3, 0, -1, 5, -8, 8, -5, 1]","[3, 3, 3, 3, 3, 3, 3, 3, 3, 5]",[5],True,False
11a71,S_4_1,abCdEDfegJ,2.71376528259,"[1, -2, -2, -1, 3, 0, 1, 0, 3, -1, -2, -2, 1]","[3, 3, 3, 3, 3, 3, 3, 3, 3, 5]",[5],True,False
11a72,S_4_1,abCdEDGjeF,2.74026604286,"[1, -2, -2, -1, 1, 4, -1, 4, 1, -1, -2, -2, 1]","[3, 3, 3, 3, 3, 3, 3, 3, 3, 5]",[5],True,False
11a73,S_4_1,aBcdEDCfEdgFeJ,2.89908759982,"[1, -5, 8, -7, 6, -6, 1, 5, 1, -6, 6, -7, 8, -5, 1]","[3, 3, 3, 3, 3, 3, 3, 3, 6]",[6],True,False
11a74,S_4_1,aBCDEFGj,2.45154041,"[1, -3, 0, 3, 1, -1, 0, 1, 2, 1, 0, -1, 1, 3, 0, -3, 1]","[3, 3, 3, 3, 3, 3, 3, 3, 3, 3, 4]",[4],True,False
11a76,S_4_1,abCBdcEDGjeF,2.77596440453,"[1, -5, 6, 4, -11, -1, 14, 2, -21, 2, 14, -1, -11, 4, 6, -5, 1]","[3, 3, 3, 3, 3, 3, 3, 3, 3, 5]",[5],True,False
11a79,S_4_1,abCBdcEDfegJ,2.82587259469,"[1, -5, 6, 4, -11, -3, 16, 6, -27, 6, 16, -3, -11, 4, 6, -5, 1]","[3, 3, 3, 3, 3, 3, 3, 3, 3, 5]",[5],True,False
11a80,S_4_1,aBCdEDfegJ,2.57827639156,"[1, -5, 7, 1, -10, 6, 0, 4, -9, 4, 0, 6, -10, 1, 7, -5, 1]","[3, 3, 3, 3, 3, 3, 3, 3, 3, 5]",[5],True,False
11a81,S_4_1,aBCdEDGjeF,2.60979558237,"[1, -5, 7, 1, -12, 12, 0, -12, 17, -12, 0, 12, -12, 1, 7, -5, 1]","[3, 3, 3, 3, 3, 3, 3, 3, 3, 5]",[5],True,False
11a82,S_4_1,abCDEFGj,2.47459284198,"[1, -3, 2, -3, 4, -2, 0, -2, 4, -3, 2, -3, 1]","[3, 3, 3, 3, 3, 3, 3, 3, 3, 3, 4]",[4],True,False
11a83,S_4_1,abCDefgj,2.70411118288,"[1, -3, 3, -8, 8, -9, 9, -9, 8, -8, 3, -3, 1]","[3, 3, 3, 3, 3, 3, 3, 3, 3, 3, 4]",[4],True,False
11a86,S_4_1,abcdCeDfEgHJ,2.58997851361,"[1, -3, 1, -1, 3, 0, -2, 4, 2, 4, -2, 0, 3, -1, 1, -3, 1]","[3, 3, 3, 3, 3, 3, 3, 3, 3, 3, 4]",[4],True,False
11a88,S_4_1,abcdCedFEGHJ,2.53814324766,"[1, -2, -2, 1, 1, 1, 1, 1, -2, -2, 1]","[3, 3, 3, 3, 3, 3, 4, 4, 4]",[4],True,False
11a92,S_4_1,aBCDefgj,2.54502239104,"[1, -2, -2, 2, 0, -3, 0, 2, -2, -2, 1]","[3, 3, 3, 3, 3, 3, 4, 4, 4]",[4],True,False
11a99,S_4_1,abCBdCeFEDgfEJ,2.88934124246,"[1, -4, 1, 8, -3, -6, 2, 4, 2, -6, -3, 8, 1, -4, 1]","[3, 3, 3, 3, 3, 3, 3, 3, 3, 5]",[5],True,False
11a106,S_4_1,abcdCeDfEGHJ,2.54204886301,"[1, -1, -2, -4, -2, -1, 1]","[3, 3, 3, 3, 4, 5, 5]",[4],True,False
11a108,S_4_1,aBcDCedFEGHj,2.37627400498,"[1, -3, 2, -2, 2, 1, -4, 1, 2, -2, 2, -3, 1]","[3, 3, 3, 3, 3, 3, 3, 3, 3, 3, 4]",[4],True,False
11a109,S_4_1,abcDCedFEGHj,2.4571966093,"[1, -3, 3, -7, 10, -11, 13, -11, 10, -7, 3, -3, 1]","[3, 3, 3, 3, 3, 3, 3, 3, 3, 3, 4]",[4],True,False
11a125,S_4_1,abAcbdCdedFEGJ,3.11319471714,"[1, -3, 0, -2, 3, -3, 6, 3, 6, -3, 3, -2, 0, -3, 1]","[3, 3, 3, 3, 3, 3, 3, 3, 3, 5]",[5],True,False
11a126,S_4_1,abAcbdCdEFGJ,3.01116457748,"[1, -2, -3, 0, -2, 5, -2, 5, -2, 0, -3, -2, 1]","[3, 3, 3, 3, 3, 3, 3, 3, 3, 3, 4]",[4],True,False
11a127,S_4_1,abcBdcEDfegJ,3.09258883287,"[1, -3, 0, 0, -3, 1, -2, 5, -2, 1, -3, 0, 0, -3, 1]","[3, 3, 3, 3, 3, 3, 3, 3, 3, 5]",[5],True,False
11a129,S_4_1,abcBdceDfEgJ,3.25586813159,"[1, -4, 1, 8, -11, -5, 19, -5, -11, 8, 1, -4, 1]","[3, 3, 3, 3, 3, 3, 3, 3, 3, 5]",[5],True,False
11a139,S_4_1,abcdCedFEGHj,2.52732421851,"[1, -3, 4, -8, 5, -8, 4, -3, 1]","[3, 3, 4, 4, 4, 4, 4]",[4],True,False
11a142,S_4_1,abcdCedfEghJ,3.59367661601,"[1, -3, -3, 3, 1, -2, 0, -2, 1, 3, -3, -3, 1]","[3, 3, 3, 3, 3, 3, 3, 3, 3, 3, 4]",[4],True,False
11a147,S_4_1,abcBdcEDGjeF,2.93894683106,"[1, -3, 0, 0, 1, -1, 6, 3, 6, -1, 1, 0, 0, -3, 1]","[3, 3, 3, 3, 3, 3, 3, 3, 3, 5]",[5],True,False
11a151,S_4_1,abcBdceDGjEF,3.11150050025,"[1, -5, 6, 2, -9, 3, 6, 4, -15, 4, 6, 3, -9, 2, 6, -5, 1]","[3, 3, 3, 3, 3, 3, 3, 3, 3, 5]",[5],True,False
11a158,S_4_1,abAcBdCeDgjEEf,3.08732658485,"[1, -3, -2, 5, 1, 1, -2, -5, 12, -5, -2, 1, 1, 5, -2, -3, 1]","[3, 3, 3, 3, 3, 3, 3, 3, 3, 3, 4]",[4],True,False
11a160,S_4_1,abcBdCeFEDgfEJ,2.91319343903,"[1, -3, 0, 0, 1, 3, -2, 9, -2, 3, 1, 0, 0, -3, 1]","[3, 3, 3, 3, 3, 3, 3, 3, 3, 5]",[5],True,False
11a163,S_4_1,abcBdCeDfGjeFG,3.03884767313,"[1, -5, 6, 2, -9, 9, -2, -10, 17, -10, -2, 9, -9, 2, 6, -5, 1]","[3, 3, 3, 3, 3, 3, 3, 3, 3, 5]",[5],True,False
11a170,S_4_1,abcBcdceFEDGJE,3.27992305915,"[1, -3, -1, 1, -4, 6, -6, 13, -6, 6, -4, 1, -1, -3, 1]","[3, 3, 3, 3, 3, 3, 3, 3, 3, 5]",[5],True,False
11a171,S_4_1,abcdEDCfEdgFeJ,3.1422628772,"[1, -4, 4, -5, 4, -4, 1]","[3, 3, 4, 4, 4, 6]",[6],True,False
11a174,S_4_1,abCDEFGh,2.18601909018,"[1, -3, 3, -5, 7, -5, 3, -3, 1]","[3, 3, 4, 6, 6]",[4],True,False
11a175,S_4_1,abCDEFgh,2.12572749081,"[1, -2, 1, -3, 2, -3, 1, -2, 1]","[3, 3, 3, 3, 4, 5, 5]",[4],False,False
11a176,S_4_1,abcDEFgh,2.23035294482,"[1, -3, 5, -9, 7, -9, 5, -3, 1]","[3, 3, 4, 4, 4, 4, 4]",[4],True,False
11a177,S_4_1,abcdEFgh,2.49479840114,"[1, -1, 0, -6, -4, -8, -4, -6, 0, -1, 1]","[3, 3, 3, 3, 4, 5, 5]",[4],True,False
11a179,S_4_1,aBCDEFGh,2.21258485492,"[1, -3, 1, 1, 1, 1, 1, -3, 1]","[4, 7, 7]",[4],False,False
11a180,S_4_1,abcDEFGh,2.25645514686,"[1, -2, 0, -1, 0, -2, 1]","[4, 4, 4, 5, 5]",[4],True,False
11a182,S_4_1,abcdeFGh,2.71068521071,"[1, -2, 0, -5, 0, -2, 1]","[3, 3, 4, 6, 6]",[4],True,False
11a184,S_4_1,abcdEFGh,2.40852582082,"[1, -3, 3, -3, -1, -3, 3, -3, 1]","[4, 4, 4, 5, 5]",[4],True,False
11a194,S_4_1,aBcDCedfEghj,2.83272055052,"[1, -2, -1, -3, -2, 0, -2, -3, -1, -2, 1]","[3, 3, 3, 3, 3, 3, 3, 3, 3, 3, 4]",[4],True,False
11a203,S_4_1,abcdeFgh,3.1422628772,"[1, -4, 4, -5, 4, -4, 1]","[3, 3, 4, 6, 6]",[4],True,False
11a206,S_4_1,abcdefGh,3.41490954212,"[1, -3, -1, -1, -1, -1, -1, -3, 1]","[4, 7, 7]",[4],True,False
11a221,S_4_1,abcdEFGj,2.7616934582,"[1, -3, 2, -3, -1, -3, 2, -3, 1]","[4, 4, 4, 5, 5]",[4],True,False
11a223,S_4_1,abcDCedfEghj,3.34697396454,"[1, -2, -4, -2, 1]","[3, 3, 3, 3, 3, 3, 3, 3, 3, 3, 4]",[4],True,False
11a232,S_4_1,abcBcdeDFEDGHJ,3.01197038412,"[1, -2, -3, -1, 0, 8, 0, -1, -3, -2, 1]","[3, 3, 3, 3, 3, 3, 3, 3, 3, 3, 4]",[4],True,False
11a248,S_4_1,abcdCdedFEGJ,3.1046249789,"[1, -5, 9, -13, 12, -7, 7, -7, 12, -13, 9, -5, 1]","[3, 3, 3, 3, 3, 4, 4, 5]",[5],True,False
11a255,S_4_1,abcdCedfJEFG,3.28587199819,"[1, -5, 6, 0, -5, 3, 0, 8, -15, 8, 0, 3, -5, 0, 6, -5, 1]","[3, 3, 3, 3, 3, 3, 3, 3, 3, 5]",[5],True,False
11a257,S_4_1,abcDEFGj,2.68991568253,"[1, -3, 1, 0, -2, 1, 3, 1, -2, 0, 1, -3, 1]","[3, 3, 3, 3, 3, 3, 4, 4, 4]",[4],True,False
11a259,S_4_1,abcDefgj,3.35325130178,"[1, -3, -1, 0, -2, -1, 3, -1, -2, 0, -1, -3, 1]","[3, 3, 3, 3, 3, 3, 4, 4, 4]",[4],True,False
11a261,S_4_1,abcdEDfegJ,3.03740063094,"[1, -5, 9, -11, 4, 7, -11, 7, 4, -11, 9, -5, 1]","[3, 3, 3, 3, 3, 4, 4, 5]",[5],True,False
11a264,S_4_1,abcdEDGjeF,2.96085155905,"[1, -5, 9, -11, 6, 3, -5, 3, 6, -11, 9, -5, 1]","[3, 3, 3, 3, 3, 4, 4, 5]",[5],True,False
11a269,S_4_1,abcdCeDfgJeJEF,3.35479626777,"[1, -5, 5, 5, -14, 10, 4, -14, 17, -14, 4, 10, -14, 5, 5, -5, 1]","[3, 3, 3, 3, 3, 3, 3, 3, 3, 5]",[5],True,False
11a277,S_4_1,abcbdCeDgJEF,3.11132102856,"[1, -5, 6, 2, -9, 1, 14, 0, -19, 0, 14, 1, -9, 2, 6, -5, 1]","[3, 3, 3, 3, 3, 3, 3, 3, 3, 5]",[5],True,False
11a282,S_4_1,abcdCCeDfEGj,3.1082112303,"[1, -4, 3, -1, 1, -1, 2, 0, 2, -1, 1, -1, 3, -4, 1]","[3, 3, 3, 3, 3, 3, 3, 3, 3, 5]",[5],True,False
11a289,S_4_1,aabAcbDCeDFEgJ,2.92712313305,"[1, -5, 6, 4, -15, 9, 10, -6, -9, -6, 10, 9, -15, 4, 6, -5, 1]","[3, 3, 3, 3, 3, 3, 3, 3, 3, 5]",[5],True,False
11a293,S_4_1,abcdefEEGj,3.46477195228,"[1, -3, -2, 1, 1, 1, -2, 3, 2, 3, -2, 1, 1, 1, -2, -3, 1]","[3, 3, 3, 3, 3, 3, 3, 3, 3, 3, 4]",[4],True,False
11a305,S_4_1,abcBBdCedfEDGj,2.99240858945,"[1, -4, 2, 5, -7, 2, 7, -11, 7, 2, -7, 5, 2, -4, 1]","[3, 3, 3, 3, 3, 3, 3, 3, 3, 5]",[5],True,False
11a306,S_4_1,abcDEfgh,2.4427747573,"[1, -3, 5, -11, 9, -11, 5, -3, 1]","[3, 3, 4, 4, 4, 4, 4]",[4],False,False
11a308,S_4_1,abcdEfgh,3.06189457026,"[1, -2, -2, -3, -2, -2, 1]","[4, 4, 4, 5, 5]",[4],True,False
11a316,S_4_1,abcdCdEFGJ,3.2056450923,"[1, -3, -1, 2, -4, 3, 1, 3, -4, 2, -1, -3, 1]","[3, 3, 3, 3, 3, 3, 4, 4, 4]",[4],True,False
11a326,S_4_1,abcBdcEDfJEdFG,3.41117058839,"[1, -5, 4, 8, -11, -3, 14, 2, -21, 2, 14, -3, -11, 8, 4, -5, 1]","[3, 3, 3, 3, 3, 3, 3, 3, 3, 5]",[5],True,False
11a330,S_4_1,abcdCedfEEGj,3.31328102772,"[1, -3, -2, 3, 1, -1, -2, 3, 2, 3, -2, -1, 1, 3, -2, -3, 1]","[3, 3, 3, 3, 3, 3, 3, 3, 3, 3, 4]",[4],True,False
11a346,S_4_1,abcdCedfEgHGGj,3.22664148596,"[1, -3, -2, 4, 1, -2, -2, 3, 2, 3, -2, -2, 1, 4, -2, -3, 1]","[3, 3, 3, 3, 3, 3, 3, 3, 3, 3, 4]",[4],True,False
11a348,S_4_1,abcdcedJEDFEgf,3.58172223275,"[1, -5, 5, 3, -10, -2, 12, -2, -10, 3, 5, -5, 1]","[3, 3, 3, 3, 3, 3, 3, 3, 6]",[6],True,False
11n13,S_4_1,abcdefGj,2.24275079909,"[1, -3, 2, -1, 1, -1, 2, -3, 1]","[2, 4, 4, 4, 4, 4, 4]",[2],True,True
11n57,S_4_1,aBCDEFGJ,2.06017844937,"[1, -3, 2, 1, -3, 1, 2, -3, 1]","[2, 6, 6, 6]",[2],True,True
11n60,S_4_1,abcDEFGJ,1.80017173933,"[1, -3, 4, -5, 5, -5, 4, -3, 1]","[2, 4, 4, 4, 4, 4, 4]",[2],True,True
11n61,S_4_1,abCDEFGJ,1.82632584527,"[1, -1, -1, -2, 1, 2, 1, -2, -1, -1, 1]","[2, 3, 3, 3, 3, 3, 3, 4, 4, 4]",[2],True,False
11n88,S_4_1,abcdCedfEgHj,2.15372137554,"[1, -3, 3, -3, 1]","[2, 4, 4, 4, 4, 4, 4]",[2],True,True
11n104,S_4_1,aBcDCeDFEGHJ,2.08101899662,"[1, -1, -2, -1, 1]","[2, 5, 5, 5, 5]",[2],True,False
11n107,S_4_1,abcDCeDFEGHJ,1.8288705363,"[1, -1, 0, -2, 0, -1, -2, -1, 0, -2, 0, -1, 1]","[2, 3, 3, 3, 3, 3, 3, 3, 3, 3, 3, 3, 3]",[2],True,False
11n120,S_4_1,aabAcbDCeDFEGJ,2.08490437114,"[1, -3, 2, 0, -1, 1, 0, 0, 3, -3, 3, 0, 0, 1, -1, 0, 2, -3, 1]","[3, 3, 3, 3, 3, 3, 3, 3, 3, 3, 3, 3]",[3],True,False
11n133,S_4_1,abcBBdCedfEDgj,2.15372137554,"[1, -3, 3, -3, 1]","[3, 3, 3, 3, 3, 3, 4, 4, 4]",[3],True,False
11n149,S_4_1,abcdCCeDfEgj,2.20329965954,"[1, -1, -2, -2, 1, 0, 1, 0, 1, 0, 1, -2, -2, -1, 1]","[3, 3, 3, 3, 3, 3, 3, 3, 3, 3, 3, 3]",[3],True,False
11n153,S_4_1,abcbdCeDGJEF,2.03268562708,"[1, -3, 2, -1, 2, 1, -2, -1, 1, -2, 1, -1, -2, 1, 2, -1, 2, -3, 1]","[3, 3, 3, 3, 3, 3, 3, 3, 3, 3, 3, 3]",[3],True,False
12a0007,S_4_1,abcBdcEDgjeF,3.86253926383,"[1, -4, 1, 0, -7, 0, 1, -4, 1]","[3, 3, 3, 3, 3, 3, 3, 7]",[7],True,False
12a0016,S_4_1,aBCDefGj,2.85303551184,"[1, -5, 7, -2, -5, 12, -5, -2, 7, -5, 1]","[3, 3, 3, 3, 4, 4, 6]",[6],True,False
12a0017,S_4_1,abCDefGj,3.02608501749,"[1, -3, 0, -3, 4, 10, 6, 10, 4, -3, 0, -3, 1]","[3, 3, 3, 3, 3, 3, 3, 3, 6]",[6],True,False
12a0018,S_4_1,aBCDEFgj,2.89698559593,"[1, -3, -1, 2, 4, 3, -1, 3, 4, 2, -1, -3, 1]","[3, 3, 3, 3, 3, 3, 3, 3, 6]",[6],True,False
12a0019,S_4_1,abcDEFgj,3.18320530824,"[1, -5, 7, -4, -3, 12, -3, -4, 7, -5, 1]","[3, 3, 3, 3, 4, 4, 6]",[6],True,False
12a0020,S_4_1,abCDEFgj,2.96071752787,"[1, -4, 2, 4, -2, -1, -2, 4, 2, -4, 1]","[3, 3, 3, 3, 3, 3, 3, 3, 6]",[6],True,False
12a0024,S_4_1,abcDefGj,3.61418505112,"[1, -5, 5, 0, -3, 12, -3, 0, 5, -5, 1]","[3, 3, 3, 3, 4, 4, 6]",[6],True,False
12a0026,S_4_1,abcdEFgj,3.5097058779,"[1, -3, 0, -5, -3, -5, 0, -3, 1]","[3, 3, 5, 5, 6]",[6],True,False
12a0050,S_4_1,abcdeDFeGJ,5.13279150698,"[1, -4, -4, -8, -5, -8, -4, -4, 1]","[3, 3, 5, 5, 6]",[6],True,False
12a0069,S_4_1,abCBdcEDgjeF,3.38446950159,"[1, -7, 16, -10, -17, 25, 16, -47, 16, 25, -17, -10, 16, -7, 1]","[3, 3, 3, 3, 3, 3, 3, 7]",[7],True,False
12a0070,S_4_1,abcBdcEDgjeF,3.86253926383,"[1, -4, 1, 0, -7, 0, 1, -4, 1]","[3, 3, 3, 3, 3, 3, 3, 7]",[7],True,False
12a0071,S_4_1,abcBdceDfEGJ,3.84954734144,"[1, -7, 16, -16, 1, 15, -10, 1, -10, 15, 1, -16, 16, -7, 1]","[3, 3, 3, 3, 3, 3, 3, 7]",[7],True,False
12a0074,S_4_1,abAcbdCdEFgJ,3.64015462147,"[1, -3, -2, -3, 4, 6, 10, 6, 4, -3, -2, -3, 1]","[3, 3, 3, 3, 3, 3, 3, 3, 6]",[6],True,False
12a0077,S_4_1,aBCdeFGj,2.9473581214,"[1, -3, 0, -3, 4, 12, 14, 12, 4, -3, 0, -3, 1]","[3, 3, 3, 3, 3, 3, 3, 3, 6]",[6],True,False
12a0079,S_4_1,abAbCDEfgJ,2.92317171748,"[1, -5, 6, 3, -7, -3, -7, 20, -7, -3, -7, 3, 6, -5, 1]","[3, 3, 3, 3, 3, 3, 3, 3, 6]",[6],True,False
12a0084,S_4_1,abCdeFGj,3.37373550464,"[1, -3, -2, -1, 6, 14, 14, 14, 6, -1, -2, -3, 1]","[3, 3, 3, 3, 3, 3, 3, 3, 6]",[6],True,False
12a0087,S_4_1,aBcdeFGj,3.46798207881,"[1, -5, 4, 5, -1, -1, -5, 8, -5, -1, -1, 5, 4, -5, 1]","[3, 3, 3, 3, 3, 3, 3, 3, 6]",[6],True,False
12a0090,S_4_1,abcBcDEfgJ,3.2230358945,"[1, -3, 0, -3, 2, 0, 2, 0, 2, -3, 0, -3, 1]","[3, 3, 3, 3, 3, 3, 3, 3, 6]",[6],True,False
12a0092,S_4_1,abcBdceDFeGJ,4.78429058378,"[1, -4, -1, -12, -3, -12, -1, -4, 1]","[3, 3, 3, 3, 4, 4, 6]",[6],True,False
12a0098,S_4_1,aBCDeFGj,2.89961743205,"[1, -5, 9, -14, 21, -20, 21, -14, 9, -5, 1]","[3, 3, 3, 3, 4, 4, 6]",[6],True,False
12a0099,S_4_1,abCDeFGj,3.07644175828,"[1, -3, 2, -11, 12, -6, 26, -6, 12, -11, 2, -3, 1]","[3, 3, 3, 3, 3, 3, 3, 3, 6]",[6],True,False
12a0112,S_4_1,abcDeFGj,3.6604093652,"[1, -5, 7, -12, 19, -16, 19, -12, 7, -5, 1]","[3, 3, 3, 3, 4, 4, 6]",[6],True,False
12a0137,S_4_1,aBCdEDfeGJ,3.31197576432,"[1, -7, 17, -17, 0, 16, -12, 5, -12, 16, 0, -17, 17, -7, 1]","[3, 3, 3, 3, 3, 3, 3, 7]",[7],True,False
12a0138,S_4_1,abcdEDfeGJ,3.86887950762,"[1, -7, 19, -38, 57, -63, 57, -38, 19, -7, 1]","[3, 3, 3, 4, 4, 7]",[7],True,False
12a0139,S_4_1,abCdEDfeGJ,3.46914693359,"[1, -5, 7, -7, 4, -1, 3, -1, 4, -7, 7, -5, 1]","[3, 3, 3, 3, 3, 3, 3, 7]",[7],True,False
12a0141,S_4_1,aBCDEfgj,2.93606246827,"[1, -3, 0, -1, 5, -1, 0, -3, 1]","[3, 3, 5, 5, 6]",[6],True,False
12a0142,S_4_1,abcDEfgj,3.41206013227,"[1, -3, 2, -11, 1, -11, 2, -3, 1]","[3, 3, 3, 3, 4, 4, 6]",[6],True,False
12a0149,S_4_1,abCDEfgj,3.0638725512,"[1, -3, 2, -7, 3, -7, 2, -3, 1]","[3, 3, 3, 3, 4, 4, 6]",[6],True,False
12a0158,S_4_1,abcdEfgj,4.36576303521,"[1, -3, -4, -7, -5, -7, -4, -3, 1]","[3, 3, 5, 5, 6]",[6],True,False
12a0172,S_4_1,aBCDEfGJ,3.66884020032,"[1, -5, 4, 3, 1, -1, -1, 12, -1, -1, 1, 3, 4, -5, 1]","[3, 3, 3, 3, 3, 3, 3, 3, 6]",[6],True,False
12a0173,S_4_1,abcDEfGJ,3.82034442783,"[1, -5, 5, -2, -3, 14, -3, -2, 5, -5, 1]","[3, 3, 3, 3, 4, 4, 6]",[6],True,False
12a0174,S_4_1,abCDEFeFgJ,3.69339252035,"[1, -5, 4, 3, 1, -3, -1, 4, -1, -3, 1, 3, 4, -5, 1]","[3, 3, 3, 3, 3, 3, 3, 3, 6]",[6],True,False
12a0179,S_4_1,abcdEfGJ,3.86302975917,"[1, -5, 5, -4, 7, -4, 7, -4, 5, -5, 1]","[3, 3, 5, 5, 6]",[6],True,False
12a0184,S_4_1,abCBdcEDfeGJ,3.34055644944,"[1, -7, 16, -10, -17, 27, 16, -53, 16, 27, -17, -10, 16, -7, 1]","[3, 3, 3, 3, 3, 3, 3, 7]",[7],True,False
12a0185,S_4_1,abcBdcEDfeGJ,3.74533296935,"[1, -5, 6, -6, 3, 4, 1, 4, 3, -6, 6, -5, 1]","[3, 3, 3, 3, 3, 3, 3, 7]",[7],True,False
12a0186,S_4_1,abcBdceDgjEF,3.97172556634,"[1, -7, 16, -16, -3, 17, -4, -9, -4, 17, -3, -16, 16, -7, 1]","[3, 3, 3, 3, 3, 3, 3, 7]",[7],True,False
12a0189,S_4_1,aBCdEDgjeF,3.25071319111,"[1, -7, 17, -17, 2, 12, -18, 19, -18, 12, 2, -17, 17, -7, 1]","[3, 3, 3, 3, 3, 3, 3, 7]",[7],True,False
12a0190,S_4_1,abcdEDgjeF,3.92206845174,"[1, -7, 19, -38, 55, -61, 55, -38, 19, -7, 1]","[3, 3, 3, 4, 4, 7]",[7],True,False
12a0191,S_4_1,abCdEDgjeF,3.43514086005,"[1, -5, 7, -7, 6, -5, 5, -5, 6, -7, 7, -5, 1]","[3, 3, 3, 3, 3, 3, 3, 7]",[7],True,False
12a0193,S_4_1,abcdeFgJ,3.88177248203,"[1, -7, 16, -19, 19, -19, 16, -7, 1]","[6, 6, 6]",[6],True,True
12a0200,S_4_1,abcdCdEFgJ,3.80593020366,"[1, -5, 5, -2, -1, 8, -1, -2, 5, -5, 1]","[3, 3, 3, 3, 4, 4, 6]",[6],True,False
12a0202,S_4_1,aBccDCedFEgJ,3.38541391427,"[1, -7, 17, -17, -2, 26, -42, 47, -42, 26, -2, -17, 17, -7, 1]","[3, 3, 3, 3, 3, 3, 3, 7]",[7],True,False
12a0203,S_4_1,aBCdefgJ,3.00348751234,"[1, -5, 6, -1, 3, 1, -3, 0, -3, 1, 3, -1, 6, -5, 1]","[3, 3, 3, 3, 3, 3, 3, 3, 6]",[6],True,False
12a0207,S_4_1,abAbCDEFGj,2.99651045574,"[1, -7, 18, -21, 10, -4, 4, -4, 10, -21, 18, -7, 1]","[3, 3, 3, 3, 3, 3, 3, 3, 6]",[6],True,False
12a0209,S_4_1,aBcDCedFGjEf,3.43609666733,"[1, -7, 16, -12, -9, 19, 18, -53, 18, 19, -9, -12, 16, -7, 1]","[3, 3, 3, 3, 3, 3, 3, 7]",[7],True,False
12a0213,S_4_1,aBCdedFEGJ,3.36157347624,"[1, -5, 7, -7, 4, 9, -3, 9, 4, -7, 7, -5, 1]","[3, 3, 3, 3, 3, 3, 3, 7]",[7],True,False
12a0214,S_4_1,aBCdeDfEgJ,3.29979301744,"[1, -5, 7, -7, 6, 5, 3, 5, 6, -7, 7, -5, 1]","[3, 3, 3, 3, 3, 3, 3, 7]",[7],True,False
12a0215,S_4_1,abcdCedFEGhJ,3.05768832346,"[1, -4, 2, 3, -2, 3, 2, -4, 1]","[3, 3, 3, 3, 4, 4, 6]",[6],True,False
12a0216,S_4_1,abcdCedfEgHJ,3.78091285553,"[1, -5, 4, 2, 1, 0, -1, 12, -1, 0, 1, 2, 4, -5, 1]","[3, 3, 3, 3, 3, 3, 3, 3, 6]",[6],True,False
12a0217,S_4_1,aBcDCedFEghJ,2.83140505343,"[1, -3, -1, 3, 4, 1, -9, 1, 4, 3, -1, -3, 1]","[3, 3, 3, 3, 3, 3, 3, 3, 6]",[6],True,False
12a0219,S_4_1,abcdCedFEghJ,3.34579772557,"[1, -3, 2, -10, 1, -10, 2, -3, 1]","[3, 3, 3, 3, 4, 4, 6]",[6],True,False
12a0220,S_4_1,aBcDCedfEgHj,3.06513217587,"[1, -4, 3, -1, 3, -4, 1]","[3, 3, 3, 3, 3, 3, 3, 3, 6]",[6],True,False
12a0222,S_4_1,aBcDCeDFgjEf,3.48697102996,"[1, -7, 16, -14, 3, -3, 22, -37, 22, -3, 3, -14, 16, -7, 1]","[3, 3, 3, 3, 3, 3, 3, 7]",[7],True,False
12a0224,S_4_1,abCBdCEDGjeF,3.39024811352,"[1, -7, 16, -12, -9, 27, -18, 5, -18, 27, -9, -12, 16, -7, 1]","[3, 3, 3, 3, 3, 3, 3, 7]",[7],True,False
12a0225,S_4_1,abcDCedFEghJ,3.00751137676,"[1, -4, 3, -1, 2, 2, 2, -1, 3, -4, 1]","[3, 3, 3, 3, 3, 3, 3, 3, 6]",[6],True,False
12a0228,S_4_1,aBcDCeDfgj,3.54673468216,"[1, -5, 4, 5, -5, 9, -11, 8, -11, 9, -5, 5, 4, -5, 1]","[3, 3, 3, 3, 3, 3, 3, 3, 6]",[6],True,False
12a0233,S_4_1,abCBdCEDfegJ,3.28917660094,"[1, -7, 16, -12, -5, 9, 18, -41, 18, 9, -5, -12, 16, -7, 1]","[3, 3, 3, 3, 3, 3, 3, 7]",[7],True,False
12a0242,S_4_1,abCDefgJ,3.11882710783,"[1, -5, 9, -16, 25, -24, 25, -16, 9, -5, 1]","[3, 3, 3, 3, 4, 4, 6]",[6],True,False
12a0245,S_4_1,abCDeeFEgJ,3.61428688909,"[1, -4, -1, 8, 4, -1, -18, -1, 4, 8, -1, -4, 1]","[3, 3, 3, 3, 3, 3, 3, 3, 6]",[6],True,False
12a0246,S_4_1,aBCdEFGJ,3.67465884386,"[1, -5, 4, 3, 1, -1, 1, -4, 1, -1, 1, 3, 4, -5, 1]","[3, 3, 3, 3, 3, 3, 3, 3, 6]",[6],True,False
12a0250,S_4_1,abcDCedfEgHj,3.58334944429,"[1, -4, -1, 7, 9, -4, -12, -4, 9, 7, -1, -4, 1]","[3, 3, 3, 3, 3, 3, 3, 3, 6]",[6],True,False
12a0258,S_4_1,aBCDefgJ,2.94978752408,"[1, -3, 4, -4, 1]","[4, 4, 4, 4, 6]",[6],True,True
12a0260,S_4_1,aBCDEFegfJ,3.5329579573,"[1, -3, -3, 2, 6, 3, -1, 3, 6, 2, -3, -3, 1]","[3, 3, 3, 3, 3, 3, 3, 3, 6]",[6],True,False
12a0261,S_4_1,abCBdceFEDgfEJ,3.32447882797,"[1, -7, 16, -12, -5, 15, -22, 27, -22, 15, -5, -12, 16, -7, 1]","[3, 3, 3, 3, 3, 3, 3, 7]",[7],True,False
12a0262,S_4_1,aBcDCeedGJEF,3.4663306064,"[1, -5, 3, 12, -12, -9, 10, -2, 10, -9, -12, 12, 3, -5, 1]","[3, 3, 3, 3, 3, 3, 3, 3, 6]",[6],True,False
12a0264,S_4_1,aBcdEDCjeDfEGF,3.78726452397,"[1, -7, 16, -16, 3, 13, -15, 13, 3, -16, 16, -7, 1]","[3, 3, 3, 3, 3, 3, 8]",[8],True,False
12a0265,S_4_1,aBcDCeDfEDgj,3.43446916497,"[1, -5, 7, -9, 12, -5, 15, -5, 12, -9, 7, -5, 1]","[3, 3, 3, 3, 3, 3, 3, 7]",[7],True,False
12a0271,S_4_1,abcBcDEFGj,3.30800598271,"[1, -5, 6, -1, 1, -7, -3, 12, -3, -7, 1, -1, 6, -5, 1]","[3, 3, 3, 3, 3, 3, 3, 3, 6]",[6],True,False
12a0278,S_4_1,abcdCedfEGHJ,3.77795177647,"[1, -4, 0, 1, 8, 1, 0, -4, 1]","[3, 3, 5, 5, 6]",[6],True,False
12a0280,S_4_1,aBcDCedFEghj,2.96557263399,"[1, -3, 1, -3, 1]","[3, 3, 3, 3, 4, 4, 6]",[6],True,False
12a0281,S_4_1,abcDCedFEghj,3.2542636339,"[1, -3, 0, -3, 1]","[3, 3, 3, 3, 3, 3, 3, 3, 6]",[6],True,False
12a0282,S_4_1,aBcdedFEGJ,3.62529342085,"[1, -6, 8, 5, -9, -8, 17, -8, -9, 5, 8, -6, 1]","[3, 3, 3, 3, 3, 3, 3, 7]",[7],True,False
12a0283,S_4_1,aBcdeDfEgJ,3.61434188915,"[1, -6, 8, 5, -11, 4, -1, 4, -11, 5, 8, -6, 1]","[3, 3, 3, 3, 3, 3, 3, 7]",[7],True,False
12a0288,S_4_1,abAbCdEDfegJ,3.47446840999,"[1, -7, 17, -17, 0, 2, 22, -35, 22, 2, 0, -17, 17, -7, 1]","[3, 3, 3, 3, 3, 3, 3, 7]",[7],True,False
12a0298,S_4_1,aBcdCedfEGHj,3.55337537215,"[1, -7, 17, -23, 30, -39, 43, -39, 30, -23, 17, -7, 1]","[3, 3, 3, 3, 3, 3, 3, 3, 6]",[6],True,False
12a0299,S_4_1,abCdefgJ,3.40714052398,"[1, -5, 4, 5, 1, -5, -1, 4, -1, -5, 1, 5, 4, -5, 1]","[3, 3, 3, 3, 3, 3, 3, 3, 6]",[6],True,False
12a0304,S_4_1,aBcdefgJ,3.47572292864,"[1, -7, 16, -15, 8, -6, 8, -6, 8, -15, 16, -7, 1]","[3, 3, 3, 3, 3, 3, 3, 3, 6]",[6],True,False
12a0305,S_4_1,aBcdEFGJ,3.71354458216,"[1, -7, 17, -24, 30, -33, 33, -33, 30, -24, 17, -7, 1]","[3, 3, 3, 3, 3, 3, 3, 3, 6]",[6],True,False
12a0316,S_4_1,abAcBdCdedFEGJ,3.67803876835,"[1, -5, 6, -6, 7, -4, 11, -4, 7, -6, 6, -5, 1]","[3, 3, 3, 3, 3, 3, 3, 7]",[7],True,False
12a0318,S_4_1,abAcBdCdEFGJ,4.10899211343,"[1, -5, 2, 7, -1, 3, -9, 8, -9, 3, -1, 7, 2, -5, 1]","[3, 3, 3, 3, 3, 3, 3, 3, 6]",[6],True,False
12a0328,S_4_1,abcDCEjeDfEg,3.49445304763,"[1, -5, 6, -4, 3, 6, 1, 6, 3, -4, 6, -5, 1]","[3, 3, 3, 3, 3, 3, 3, 7]",[7],True,False
12a0331,S_4_1,abAbCDefgj,3.68736349176,"[1, -6, 12, -16, 14, -11, 14, -16, 12, -6, 1]","[3, 3, 3, 3, 3, 3, 3, 3, 6]",[6],True,False
12a0333,S_4_1,abcdEDCGjeDF,3.51240070354,"[1, -5, 6, -4, 3, 4, 3, 4, 3, -4, 6, -5, 1]","[3, 3, 3, 3, 3, 3, 3, 7]",[7],True,False
12a0334,S_4_1,abAbCdEDGjeF,3.44702289938,"[1, -7, 17, -17, -2, 20, -26, 27, -26, 20, -2, -17, 17, -7, 1]","[3, 3, 3, 3, 3, 3, 3, 7]",[7],True,False
12a0351,S_4_1,abcBcdedFEDGHJ,3.68454425745,"[1, -4, -1, 7, 5, 0, -20, 0, 5, 7, -1, -4, 1]","[3, 3, 3, 3, 3, 3, 3, 3, 6]",[6],True,False
12a0358,S_4_1,abcDCeDfEDgj,3.92902976056,"[1, -5, 5, -5, 6, 3, 9, 3, 6, -5, 5, -5, 1]","[3, 3, 3, 3, 3, 3, 3, 7]",[7],True,False
12a0359,S_4_1,abcdEDCjeDfEGF,4.08643607522,"[1, -6, 10, -13, 21, -22, 21, -13, 10, -6, 1]","[3, 3, 3, 3, 3, 3, 8]",[8],True,False
12a0373,S_4_1,abcdCedFEghj,4.16243482778,"[1, -4, 1, -7, 1, -4, 1]","[3, 3, 3, 3, 4, 4, 6]",[6],True,False
12a0374,S_4_1,aBcDCedfEGHj,3.0788565156,"[1, -5, 9, -15, 21, -18, 21, -15, 9, -5, 1]","[3, 3, 3, 3, 4, 4, 6]",[6],True,False
12a0377,S_4_1,abCdedFEGJ,3.83686045903,"[1, -5, 5, -3, 2, 5, 3, 5, 2, -3, 5, -5, 1]","[3, 3, 3, 3, 3, 3, 3, 7]",[7],True,False
12a0382,S_4_1,aBcDCeDFEgIJ,3.64063059065,"[1, -6, 9, 0, -6, 0, 9, -6, 1]","[3, 3, 3, 3, 3, 3, 3, 3, 6]",[6],True,False
12a0383,S_4_1,abcDCeDFEgHJ,3.75735211771,"[1, -5, 4, 2, 3, -4, -1, 4, -1, -4, 3, 2, 4, -5, 1]","[3, 3, 3, 3, 3, 3, 3, 3, 6]",[6],True,False
12a0396,S_4_1,abAbcDCedFEGHj,3.23370161132,"[1, -7, 19, -31, 42, -59, 69, -59, 42, -31, 19, -7, 1]","[3, 3, 3, 3, 3, 3, 3, 3, 6]",[6],True,False
12a0398,S_4_1,abcDCeDfgj,4.08298322094,"[1, -5, 2, 7, 1, -1, -5, 4, -5, -1, 1, 7, 2, -5, 1]","[3, 3, 3, 3, 3, 3, 3, 3, 6]",[6],True,False
12a0402,S_4_1,abcDCeDFgjEf,3.69840344392,"[1, -5, 6, -6, 5, 2, 5, 2, 5, -6, 6, -5, 1]","[3, 3, 3, 3, 3, 3, 3, 7]",[7],True,False
12a0413,S_4_1,abcDCedFGjEf,3.84680721917,"[1, -5, 6, -8, 7, 0, 9, 0, 7, -8, 6, -5, 1]","[3, 3, 3, 3, 3, 3, 3, 7]",[7],True,False
12a0415,S_4_1,abAcBdCedfJEFG,4.06943827128,"[1, -7, 14, -8, -3, 3, 14, -29, 14, 3, -3, -8, 14, -7, 1]","[3, 3, 3, 3, 3, 3, 3, 7]",[7],True,False
12a0416,S_4_1,abCBdCeDGjEF,3.9976605055,"[1, -7, 14, -6, -13, 23, -10, -3, -10, 23, -13, -6, 14, -7, 1]","[3, 3, 3, 3, 3, 3, 3, 7]",[7],True,False
12a0418,S_4_1,abAcbdCeDfEDGj,3.86687458514,"[1, -7, 16, -16, -1, 25, -30, 25, -30, 25, -1, -16, 16, -7, 1]","[3, 3, 3, 3, 3, 3, 3, 7]",[7],True,False
12a0436,S_4_1,abCdEFGJ,4.21408632223,"[1, -5, 2, 5, 3, -3, -1, 0, -1, -3, 3, 5, 2, -5, 1]","[3, 3, 3, 3, 3, 3, 3, 3, 6]",[6],True,False
12a0445,S_4_1,abcDCedfEGHj,3.59929821198,"[1, -5, 7, -11, 17, -14, 17, -11, 7, -5, 1]","[3, 3, 3, 3, 4, 4, 6]",[6],True,False
12a0446,S_4_1,abCdeDfEgJ,3.78022662325,"[1, -5, 5, -3, 4, 5, 5, 5, 4, -3, 5, -5, 1]","[3, 3, 3, 3, 3, 3, 3, 7]",[7],True,False
12a0453,S_4_1,abcdCeDFEgHJ,3.7767231893,"[1, -7, 18, -30, 37, -30, 18, -7, 1]","[4, 4, 4, 4, 6]",[6],True,True
12a0456,S_4_1,abCBdCeDfEgJ,3.92895085721,"[1, -7, 14, -6, -9, 9, 14, -33, 14, 9, -9, -6, 14, -7, 1]","[3, 3, 3, 3, 3, 3, 3, 7]",[7],True,False
12a0457,S_4_1,abCBdCEFgjeDfe,3.88234943812,"[1, -7, 14, -4, -21, 37, -26, 13, -26, 37, -21, -4, 14, -7, 1]","[3, 3, 3, 3, 3, 3, 3, 7]",[7],True,False
12a0464,S_4_1,abAcbdCeeDFEGJ,3.61112369037,"[1, -4, 0, 6, -4, 3, -4, 6, 0, -4, 1]","[3, 3, 3, 3, 3, 3, 3, 3, 6]",[6],True,False
12a0468,S_4_1,abcBdCeDfjEFgF,4.7974923825,"[1, -4, -4, 0, 3, 4, 3, 4, 3, 0, -4, -4, 1]","[3, 3, 3, 3, 3, 3, 3, 3, 6]",[6],True,False
12a0469,S_4_1,abCDEdFgJEff,3.74039360701,"[1, -3, -3, 0, 2, 5, -3, 5, 2, 0, -3, -3, 1]","[3, 3, 3, 3, 3, 3, 3, 3, 6]",[6],True,False
12a0470,S_4_1,abcBdceFEDgfEJ,3.58280976585,"[1, -5, 6, -4, 3, -2, 1, -2, 3, -4, 6, -5, 1]","[3, 3, 3, 3, 3, 3, 3, 7]",[7],True,False
12a0473,S_4_1,aBcdEDCGjEdjeF,3.8331870683,"[1, -7, 15, -9, -14, 32, -34, 31, -34, 32, -14, -9, 15, -7, 1]","[3, 3, 3, 3, 3, 3, 3, 7]",[7],True,False
12a0476,S_4_1,abAcbdCeDgjEEf,4.12936232317,"[1, -5, 1, 12, -4, -7, 6, 2, 6, -7, -4, 12, 1, -5, 1]","[3, 3, 3, 3, 3, 3, 3, 3, 6]",[6],True,False
12a0478,S_4_1,abCBdceDfGjeFG,3.89021157786,"[1, -4, -1, 6, -1, -3, -1, 6, -1, -4, 1]","[3, 3, 3, 3, 3, 3, 3, 7]",[7],True,False
12a0479,S_4_1,abbcDCBeDcFEgJ,3.56657171632,"[1, -7, 17, -19, 4, 20, -40, 47, -40, 20, 4, -19, 17, -7, 1]","[3, 3, 3, 3, 3, 3, 3, 7]",[7],True,False
12a0480,S_4_1,abccDCedFEgJ,3.73028323221,"[1, -5, 7, -11, 12, -13, 17, -13, 12, -11, 7, -5, 1]","[3, 3, 3, 3, 3, 3, 3, 7]",[7],True,False
12a0485,S_4_1,abCBdCedfEDCgj,4.23677415296,"[1, -7, 13, -3, -16, 28, -22, 13, -22, 28, -16, -3, 13, -7, 1]","[3, 3, 3, 3, 3, 3, 3, 7]",[7],True,False
12a0486,S_4_1,aBcdCeDfGFEJef,3.99677807081,"[1, -8, 22, -29, 22, -8, 1]","[4, 4, 4, 8]",[8],True,True
12a0487,S_4_1,abAbcbDCedFEgJ,3.70274336022,"[1, -7, 16, -14, -5, 17, 14, -43, 14, 17, -5, -14, 16, -7, 1]","[3, 3, 3, 3, 3, 3, 3, 7]",[7],True,False
12a0488,S_4_1,abcdCeDfEEGj,3.77011203471,"[1, -3, -3, 0, 2, -1, -5, -1, 2, 0, -3, -3, 1]","[3, 3, 3, 3, 3, 3, 3, 3, 6]",[6],True,False
12a0493,S_4_1,abcdCeDfEgHGGj,3.86550606222,"[1, -3, -3, -1, 0, -3, -7, -3, 0, -1, -3, -3, 1]","[3, 3, 3, 3, 3, 3, 3, 3, 6]",[6],True,False
12a0497,S_4_1,abCDEfgH,2.82350720702,"[1, -5, 10, -18, 26, -24, 26, -18, 10, -5, 1]","[3, 3, 3, 3, 4, 4, 6]",[6],True,False
12a0498,S_4_1,abCDefgH,2.7339995975,"[1, -5, 10, -18, 28, -28, 28, -18, 10, -5, 1]","[3, 3, 3, 3, 4, 4, 6]",[6],True,False
12a0499,S_4_1,abCDefGH,2.88261969951,"[1, -3, 3, -13, 16, -12, 32, -12, 16, -13, 3, -3, 1]","[3, 3, 3, 3, 3, 3, 3, 3, 6]",[6],True,False
12a0500,S_4_1,aBCdefgH,2.77403108077,"[1, -4, 3, -1, 6, -1, 3, -4, 1]","[3, 3, 5, 5, 6]",[6],True,False
12a0501,S_4_1,abcDEfgH,2.98255742081,"[1, -5, 10, -20, 32, -32, 32, -20, 10, -5, 1]","[3, 3, 3, 3, 4, 4, 6]",[6],True,False
12a0503,S_4_1,abAbCDEFGh,2.61803398875,"[1, -3, 1]","[6, 6, 6]",[6],True,True
12a0505,S_4_1,abAbCDEfgh,2.99030377183,"[1, -6, 14, -19, 14, -6, 1]","[4, 4, 4, 4, 6]",[6],True,True
12a0506,S_4_1,aBCDefgH,2.61803398875,"[1, -3, 1]","[4, 4, 4, 4, 6]",[6],True,True
12a0512,S_4_1,abCDEFgH,3.43899459881,"[1, -5, 6, -4, 8, -8, 8, -4, 6, -5, 1]","[3, 3, 5, 5, 6]",[6],True,False
12a0515,S_4_1,abAbCDEFgh,2.7198683405,"[1, -5, 8, -6, 8, -16, 8, -6, 8, -5, 1]","[3, 3, 5, 5, 6]",[6],True,False
12a0516,S_4_1,abcBcDEFgh,2.89681788122,"[1, -5, 10, -16, 20, -24, 20, -16, 10, -5, 1]","[3, 3, 3, 3, 4, 4, 6]",[6],True,False
12a0517,S_4_1,abCdeFFghGfh,3.19109551462,"[1, -5, 6, -2, 6, -8, 6, -2, 6, -5, 1]","[3, 3, 5, 5, 6]",[6],True,False
12a0521,S_4_1,aBcdefgH,3.42386983002,"[1, -7, 17, -21, 21, -21, 17, -7, 1]","[6, 6, 6]",[6],True,True
12a0528,S_4_1,abCdefGH,3.2542636339,"[1, -3, 0, -3, 1]","[3, 3, 3, 3, 4, 4, 6]",[6],True,False
12a0535,S_4_1,abcDefGH,3.41151429257,"[1, -5, 8, -14, 22, -20, 22, -14, 8, -5, 1]","[3, 3, 3, 3, 4, 4, 6]",[6],True,False
12a0536,S_4_1,abcdEfgH,3.48137000578,"[1, -4, 1, 1, 6, 1, 1, -4, 1]","[3, 3, 5, 5, 6]",[6],True,False
12a0541,S_4_1,abcDefgH,3.22169308722,"[1, -6, 12, -13, 12, -6, 1]","[4, 4, 4, 4, 6]",[6],True,True
12a0561,S_4_1,abAcbdCdEFgh,3.2542636339,"[1, -3, 0, -3, 1]","[3, 3, 3, 3, 3, 3, 3, 3, 6]",[6],True,False
12a0565,S_4_1,abcBcDEfgh,3.38055032061,"[1, -5, 10, -22, 30, -32, 30, -22, 10, -5, 1]","[3, 3, 3, 3, 4, 4, 6]",[6],True,False
12a0569,S_4_1,abAbCDefgh,3.53162240412,"[1, -5, 8, -12, 8, -4, 8, -12, 8, -5, 1]","[3, 3, 5, 5, 6]",[6],True,False
12a0579,S_4_1,abcDEfGH,3.44927604186,"[1, -5, 8, -14, 20, -16, 20, -14, 8, -5, 1]","[3, 3, 3, 3, 4, 4, 6]",[6],True,False
12a0583,S_4_1,abcDEFgH,3.49042358944,"[1, -7, 19, -33, 41, -33, 19, -7, 1]","[4, 4, 4, 4, 6]",[6],True,True
12a0584,S_4_1,abcdEFgH,3.65623330028,"[1, -5, 6, -6, 8, -4, 8, -6, 6, -5, 1]","[3, 3, 5, 5, 6]",[6],True,False
12a0621,S_4_1,abcdeDFEGj,4.71659742197,"[1, -4, -2, -6, -1, -6, -2, -4, 1]","[3, 3, 5, 5, 6]",[6],True,False
12a0629,S_4_1,aabAcBDCeDgJEf,3.62468590098,"[1, -3, 0, -8, 0, -3, 1]","[3, 3, 3, 3, 3, 3, 3, 3, 6]",[6],True,False
12a0630,S_4_1,abcbDCeDfEgJ,3.97171689072,"[1, -4, 3, -12, 5, -12, 3, -4, 1]","[3, 3, 3, 3, 4, 4, 6]",[6],True,False
12a0637,S_4_1,abcdCCedFEGj,4.20107478184,"[1, -4, 2, -12, 3, -12, 2, -4, 1]","[3, 3, 3, 3, 4, 4, 6]",[6],True,False
12a0649,S_4_1,abcdEfGH,4.05476739108,"[1, -5, 4, -2, 6, -4, 6, -2, 4, -5, 1]","[3, 3, 5, 5, 6]",[6],True,False
12a0651,S_4_1,abcdeFgH,4.21485122599,"[1, -7, 15, -17, 17, -17, 15, -7, 1]","[6, 6, 6]",[6],True,True
12a0662,S_4_1,abcBdCeDFEGj,3.99831745247,"[1, -4, 3, -12, 3, -12, 3, -4, 1]","[3, 3, 3, 3, 4, 4, 6]",[6],True,False
12a0664,S_4_1,abcdeDgJEf,4.62023919936,"[1, -4, -2, -4, 1, -4, -2, -4, 1]","[3, 3, 5, 5, 6]",[6],True,False
12a0681,S_4_1,abcDefgJ,3.68491880107,"[1, -7, 18, -29, 35, -29, 18, -7, 1]","[4, 4, 4, 4, 6]",[6],True,True
12a0683,S_4_1,aBcdCeDFEGHJ,4.32418865276,"[1, -6, 7, 1, 2, -8, 2, 1, 7, -6, 1]","[3, 3, 3, 3, 3, 3, 3, 3, 6]",[6],True,False
12a0702,S_4_1,abCBdCefegFhjE,4.07244511882,"[1, -6, 7, 5, -6, 0, -6, 5, 7, -6, 1]","[3, 3, 3, 3, 3, 3, 3, 3, 6]",[6],True,False
12a0706,S_4_1,abcDCeDffGFEhJ,3.80438861607,"[1, -5, 4, 2, 1, 0, -13, 16, -13, 0, 1, 2, 4, -5, 1]","[3, 3, 3, 3, 3, 3, 3, 3, 6]",[6],True,False
12a0708,S_4_1,aBcDCeDffGFEhJ,3.4443533697,"[1, -7, 16, -12, -8, 23, -28, 23, -8, -12, 16, -7, 1]","[3, 3, 3, 3, 3, 3, 3, 3, 6]",[6],True,False
12a0768,S_4_1,abcdCeDFgjEF,4.87098874369,"[1, -4, -4, -2, 3, 4, 3, 4, 3, -2, -4, -4, 1]","[3, 3, 3, 3, 3, 3, 3, 3, 6]",[6],True,False
12a0776,S_4_1,abcBdceDGJeF,4.49392616193,"[1, -4, 1, -14, 1, -14, 1, -4, 1]","[3, 3, 3, 3, 4, 4, 6]",[6],True,False
12a0777,S_4_1,abAcbdCedfEgFJ,4.78154230874,"[1, -4, -4, 0, 5, 4, 3, 4, 5, 0, -4, -4, 1]","[3, 3, 3, 3, 3, 3, 3, 3, 6]",[6],True,False
12a0886,S_4_1,abcDeeFEgJ,3.97237423563,"[1, -5, 5, -4, -1, 10, -1, -4, 5, -5, 1]","[3, 3, 3, 3, 4, 4, 6]",[6],True,False
12a0901,S_4_1,abcdCedfGFEJeF,5.3631707799,"[1, -8, 17, -16, 1, 16, -11, 1, -11, 16, 1, -16, 17, -8, 1]","[3, 3, 3, 3, 3, 3, 3, 7]",[7],True,False
12a0918,S_4_1,abcdCedfGFeJEF,5.07055012724,"[1, -8, 21, -41, 61, -67, 61, -41, 21, -8, 1]","[3, 3, 3, 4, 4, 7]",[7],True,False
12a0968,S_4_1,abAcBdCeDfEfGJ,4.85721313239,"[1, -6, 6, -2, -4, 16, -4, -2, 6, -6, 1]","[3, 3, 3, 3, 4, 4, 6]",[6],True,False
12a1039,S_4_1,abcDeFGH,4.02559943792,"[1, -7, 17, -27, 33, -27, 17, -7, 1]","[4, 4, 4, 4, 6]",[6],True,True
12a1045,S_4_1,abcdeFgJEf,4.73205629209,"[1, -3, -6, -9, -6, -3, 1]","[3, 3, 5, 5, 6]",[6],True,False
12a1049,S_4_1,abcdCedjEDFEgF,5.27222510419,"[1, -7, 9, 2, -8, 2, 3, 2, -8, 2, 9, -7, 1]","[3, 3, 3, 3, 3, 3, 3, 7]",[7],True,False
12a1070,S_4_1,abcBDCeDfEgj,4.00033108867,"[1, -4, 1, -6, 4, 14, 4, 14, 4, -6, 1, -4, 1]","[3, 3, 3, 3, 3, 3, 3, 3, 6]",[6],True,False
12a1074,S_4_1,abcDCCedfEgj,4.49049302816,"[1, -4, -3, 2, 6, 4, 3, 4, 6, 2, -3, -4, 1]","[3, 3, 3, 3, 3, 3, 3, 3, 6]",[6],True,False
12a1076,S_4_1,abcBDCedFEGj,3.92725494076,"[1, -4, 1, -4, 2, 8, 8, 8, 2, -4, 1, -4, 1]","[3, 3, 3, 3, 3, 3, 3, 3, 6]",[6],True,False
12a1080,S_4_1,abcDeDfEgj,4.45107520435,"[1, -6, 7, 0, -5, 14, -5, 0, 7, -6, 1]","[3, 3, 3, 3, 4, 4, 6]",[6],True,False
12a1081,S_4_1,abcbDCeDFEGj,4.42145073369,"[1, -6, 8, -4, -6, 18, -6, -4, 8, -6, 1]","[3, 3, 3, 3, 4, 4, 6]",[6],True,False
12a1082,S_4_1,abcdCedFgJEf,4.74759578952,"[1, -6, 6, 0, -4, 14, -4, 0, 6, -6, 1]","[3, 3, 3, 3, 4, 4, 6]",[6],True,False
12a1084,S_4_1,abcdCCedfEgJ,5.04467805727,"[1, -6, 4, 4, 1, -2, -1, 14, -1, -2, 1, 4, 4, -6, 1]","[3, 3, 3, 3, 3, 3, 3, 3, 6]",[6],True,False
12a1087,S_4_1,abcBdCedFEGJ,4.27854553518,"[1, -6, 8, -2, -6, 14, -6, -2, 8, -6, 1]","[3, 3, 3, 3, 4, 4, 6]",[6],True,False
12a1093,S_4_1,aabAcBDCedGJEF,4.42638540389,"[1, -4, -2, 0, 1, 4, 5, 4, 1, 0, -2, -4, 1]","[3, 3, 3, 3, 3, 3, 3, 3, 6]",[6],True,False
12a1096,S_4_1,abcBDCedgJEf,3.87816228921,"[1, -4, 1, -4, 4, 12, 4, 12, 4, -4, 1, -4, 1]","[3, 3, 3, 3, 3, 3, 3, 3, 6]",[6],True,False
12a1104,S_4_1,aBcBdCeDgjEf,4.33020648626,"[1, -3, -6, -1, 6, 11, 6, -1, -6, -3, 1]","[3, 3, 3, 3, 3, 3, 3, 3, 6]",[6],True,False
12a1141,S_4_1,abcdeDGJeF,4.81986479251,"[1, -4, -2, -8, -5, -8, -2, -4, 1]","[3, 3, 5, 5, 6]",[6],True,False
12a1153,S_4_1,abcdeFgjEF,5.13785551741,"[1, -6, 4, 2, 1, 0, -1, 14, -1, 0, 1, 2, 4, -6, 1]","[3, 3, 3, 3, 3, 3, 3, 3, 6]",[6],True,False
12a1190,S_4_1,abcdCedJEDfEgF,4.6721195687,"[1, -8, 23, -47, 71, -79, 71, -47, 23, -8, 1]","[3, 3, 3, 4, 4, 7]",[7],True,False
12a1195,S_4_1,abcdCeDFgFEJef,4.8070123686,"[1, -7, 11, 0, -12, 6, 3, 6, -12, 0, 11, -7, 1]","[3, 3, 3, 3, 3, 3, 3, 7]",[7],True,False
12n0037,S_4_1,aBCDEFgJ,2.3459577616,"[1, -5, 8, -5, 3, -5, 8, -5, 1]","[4, 4, 4, 4, 4, 4]",[4],True,True
12n0040,S_4_1,abCDEFgJ,2.3267295305,"[1, -3, 1, 0, 2, 3, -2, 2, -2, 3, 2, 0, 1, -3, 1]","[3, 3, 3, 3, 3, 3, 3, 3, 3, 3, 4]",[4],True,False
12n0043,S_4_1,abcDEFgJ,2.44867805636,"[1, -2, 2, -3, 1]","[4, 4, 4, 4, 4, 4]",[4],True,True
12n0103,S_4_1,abcdeDfegJ,2.97379367973,"[1, -3, 0, 0, 1, -1, 0, 0, 3, -4, 3, 0, 0, -1, 1, 0, 0, -3, 1]","[3, 3, 3, 3, 3, 3, 3, 3, 3, 3, 3, 3]",[3],True,False
12n0104,S_4_1,abcdeDGjeF,2.70126920151,"[1, -1, -3, -3, -2, -2, -4, -3, -4, -2, -2, -3, -3, -1, 1]","[3, 3, 3, 3, 3, 3, 3, 3, 3, 3, 3, 3]",[3],True,False
12n0105,S_4_1,abcdeDgjef,2.87490582506,"[1, 0, -4, -8, -9, -8, -4, 0, 1]",[14],[14],True,True
12n0106,S_4_1,abcdeDFEGJ,2.51171167883,"[1, -2, -2, 3, -1, -5, -1, 3, -2, -2, 1]","[3, 3, 3, 3, 3, 3, 5, 5]",[3],True,False
12n0107,S_4_1,abcdedfEgJ,2.97379367973,"[1, -3, 0, 0, 1, -1, 0, 0, 3, -4, 3, 0, 0, -1, 1, 0, 0, -3, 1]","[3, 3, 3, 3, 3, 3, 3, 3, 3, 3, 3, 3]",[3],True,False
12n0113,S_4_1,abcdeDGIjeF,2.21254749488,"[1, -1, -3, 1, 2, -3, -5, -1, -2, -4, -2, -1, -5, -3, 2, 1, -3, -1, 1]","[2, 3, 3, 3, 3, 3, 3, 3, 3, 3, 3, 3, 3]",[2],True,False
12n0114,S_4_1,abcdeDfegIJ,3.27251166459,"[1, -4, 2, 1, 1, -1, 1, 0, 4, -8, 4, 0, 1, -1, 1, 1, 2, -4, 1]","[3, 3, 3, 3, 3, 3, 3, 3, 3, 3, 3, 3]",[3],True,False
12n0115,S_4_1,abcdeDGIjef,1.92840899153,"[1, -2, 1, -3, 2, 0, 3, -2, 3, -5, 3, -5, 3, -2, 3, 0, 2, -3, 1, -2, 1]","[1, 3, 3, 3, 3, 3, 3, 3, 3, 3, 3, 3, 3, 3]",[1],True,False
12n0150,S_4_1,aBCdefgj,2.77269534258,"[1, -3, 2, -5, 5, -5, 2, -3, 1]","[3, 3, 4, 4, 4, 4, 4]",[4],True,False
12n0156,S_4_1,abAbCDEFGJ,2.53450381051,"[1, -1, -2, -3, -3, -3, -2, -1, 1]","[3, 3, 3, 3, 4, 4, 4, 4]",[4],True,False
12n0163,S_4_1,abCdefgj,3.22863987814,"[1, -3, 0, -3, 3, -3, 0, -3, 1]","[3, 3, 4, 4, 4, 4, 4]",[4],True,False
12n0172,S_4_1,aBcdefgj,3.43533919047,"[1, -3, -1, -2, 1, 0, 1, -2, -1, -3, 1]","[3, 3, 3, 3, 4, 4, 4, 4]",[4],True,False
12n0182,S_4_1,abcBcDEFGJ,2.6756227289,"[1, -3, 2, -5, 7, -5, 2, -3, 1]","[3, 3, 4, 4, 4, 4, 4]",[4],True,False
12n0185,S_4_1,abcBdceDfegJ,3.17756334717,"[1, -3, -2, 4, 3, -3, -4, 4, 1, -3, 1, 4, -4, -3, 3, 4, -2, -3, 1]","[3, 3, 3, 3, 3, 3, 3, 3, 3, 3, 3, 3]",[3],True,False
12n0186,S_4_1,abcBdceDGjeF,2.9503182946,"[1, -1, -4, -4, -3, -1, 0, -2, -3, -2, 0, -1, -3, -4, -4, -1, 1]","[3, 3, 3, 3, 3, 3, 3, 3, 3, 3, 3, 3]",[3],True,False
12n0187,S_4_1,abcBdceDgjef,3.24363751784,"[1, 0, -5, -12, -15, -12, -5, 0, 1]",[14],[14],True,True
12n0188,S_4_1,abcbdCeDfEgJ,2.46343665714,"[1, -1, -1, -3, -5, -5, -5, -4, -8, -4, -5, -5, -5, -3, -1, -1, 1]","[3, 3, 3, 3, 3, 3, 3, 3, 3, 3, 3, 3]",[3],True,False
12n0189,S_4_1,abcBdCeDFEGJ,2.30180538037,"[1, -3, 2, 0, -3, 1, 4, -5, 4, 1, -3, 0, 2, -3, 1]","[3, 3, 3, 3, 3, 3, 3, 3, 4, 4]",[3],True,False
12n0190,S_4_1,abcBdceDGIjeF,2.5171671269,"[1, -1, -5, 1, 7, -2, -8, 0, 2, -3, 2, 0, -8, -2, 7, 1, -5, -1, 1]","[2, 3, 3, 3, 3, 3, 3, 3, 3, 3, 3, 3, 3]",[2],True,False
12n0191,S_4_1,abcBdceDfegIJ,3.40273952628,"[1, -4, 0, 7, 2, -7, -5, 8, 1, -5, 1, 8, -5, -7, 2, 7, 0, -4, 1]","[3, 3, 3, 3, 3, 3, 3, 3, 3, 3, 3, 3]",[3],True,False
12n0192,S_4_1,abcBdceDGIjef,2.29962996465,"[1, -2, 0, -3, 2, 1, 5, -2, 3, -5, 3, -5, 3, -2, 5, 1, 2, -3, 0, -2, 1]","[1, 3, 3, 3, 3, 3, 3, 3, 3, 3, 3, 3, 3, 3]",[1],True,False
12n0233,S_4_1,abcdeFGIj,1.64533839691,"[1, -1, -2, 2, 1, -2, -2, 0, 2, 1, -4, 1, 2, 0, -2, -2, 1, 2, -2, -1, 1]","[1, 3, 3, 3, 3, 3, 3, 3, 3, 3, 3, 3, 3, 3]",[1],True,False
12n0234,S_4_1,abcdefgIJ,2.53921343554,"[1, -4, 5, -5, 6, -6, 6, -4, 3, -4, 6, -6, 6, -5, 5, -4, 1]","[2, 3, 3, 3, 3, 3, 3, 3, 3, 3, 3, 3, 3]",[2],True,False
12n0235,S_4_1,abcdefGIj,1.49073503209,"[1, -1, 0, -1, 0, 0, -1, 1, 0, 1, -1, 0, 0, -1, 0, -1, 1]","[1, 3, 3, 3, 3, 3, 3, 3, 5, 5]",[1],True,False
12n0283,S_4_1,aBccDCedFEGJ,2.56737695219,"[1, -5, 8, -4, -3, 5, -3, 5, -3, -4, 8, -5, 1]","[3, 3, 3, 3, 3, 3, 3, 3, 3, 5]",[5],True,False
12n0287,S_4_1,aBcDCedFgjEf,2.74600552534,"[1, -5, 7, -2, 1, -5, -2, 11, -2, -5, 1, -2, 7, -5, 1]","[3, 3, 3, 3, 3, 3, 3, 3, 3, 5]",[5],True,False
12n0294,S_4_1,abcdCeDfEgHj,2.61803398875,"[1, -3, 1]","[4, 4, 4, 4, 4, 4]",[4],True,True
12n0296,S_4_1,aBcDCedFEGHJ,2.40557979156,"[1, -3, 1, 1, -1, 2, 2, -2, 2, -2, 2, 2, -1, 1, 1, -3, 1]","[3, 3, 3, 3, 3, 3, 3, 3, 3, 3, 4]",[4],True,False
12n0301,S_4_1,abcDCedFEGHJ,2.48071662645,"[1, -3, 2, -4, 7, -4, 2, -3, 1]","[3, 3, 4, 4, 4, 4, 4]",[4],True,False
12n0387,S_4_1,aBcdCedfEghj,3.46480238948,"[1, -3, -1, -1, -3, -2, -3, -1, -1, -3, 1]","[3, 3, 3, 3, 3, 3, 3, 3, 3, 3, 4]",[4],True,False
12n0405,S_4_1,abAcbdCeDfEDgj,3.13732463795,"[1, -6, 13, -15, 7, 5, -16, 21, -16, 5, 7, -15, 13, -6, 1]","[3, 3, 3, 3, 3, 3, 3, 3, 3, 5]",[5],True,False
12n0425,S_4_1,aabAcBDCeDGJEF,2.29291968837,"[1, -1, 0, -3, -6, -3, -6, -3, 0, -1, 1]","[3, 3, 3, 5, 5, 5]",[3],True,False
12n0426,S_4_1,abAcbdCedfeDgj,2.36920540709,"[1, -1, -3, -1, 1]",[14],[14],True,True
12n0428,S_4_1,abAcbdCedfEgFj,3.01865469931,"[1, -3, 0, 0, -1, 1, 2, -2, 1, -1, 1, -2, 2, 1, -1, 0, 0, -3, 1]","[3, 3, 3, 3, 3, 3, 3, 3, 3, 3, 3, 3]",[3],True,False
12n0458,S_4_1,abccDCedFEGJ,2.67567164018,"[1, -2, 0, -6, 2, 0, 8, 0, 2, -6, 0, -2, 1]","[3, 3, 3, 3, 3, 3, 3, 3, 3, 5]",[5],True,False
12n0459,S_4_1,abcDCedFgjEf,2.96557263399,"[1, -3, 1, -3, 1]","[3, 3, 3, 3, 3, 3, 3, 3, 3, 5]",[5],True,False
12n0494,S_4_1,abAbcDCeDFEGHJ,2.66907650271,"[1, -1, -2, -4, -5, -4, -2, -1, 1]","[3, 3, 3, 3, 3, 3, 3, 3, 3, 3, 4]",[4],True,False
12n0504,S_4_1,abAbcbDCedFEGJ,2.77600245571,"[1, -5, 8, -7, 6, -1, -3, 6, -12, 6, -3, -1, 6, -7, 8, -5, 1]","[3, 3, 3, 3, 3, 3, 3, 3, 3, 5]",[5],True,False
12n0509,S_4_1,abcdCeDfEEgj,2.78355938302,"[1, -5, 8, -7, 7, -7, 8, -5, 1]","[4, 4, 4, 4, 4, 4]",[4],False,True
12n0521,S_4_1,abbcDCBeDcFEGJ,2.84601481071,"[1, -5, 9, -11, 10, -6, -2, 14, -17, 14, -2, -6, 10, -11, 9, -5, 1]","[3, 3, 3, 3, 3, 3, 3, 3, 3, 5]",[5],True,False
12n0531,S_4_1,abcBdCeDfGjEFG,2.53678433814,"[1, -1, -5, 1, 6, -1, -8, 0, 9, 0, -8, -1, 6, 1, -5, -1, 1]","[3, 3, 3, 3, 3, 3, 3, 3, 3, 3, 3, 3]",[3],True,False
12n0570,S_4_1,abcdedfeGFEIJ,1.97210642638,"[1, -1, -2, 0, 1, 0, -2, -1, -1, 2, -1, -1, -2, 0, 1, 0, -2, -1, 1]","[2, 3, 3, 3, 3, 3, 3, 3, 3, 3, 3, 3, 3]",[2],True,False
12n0571,S_4_1,abcdeDfgjEFGI,1.72208380574,"[1, -1, -1, -1, 1]","[2, 8, 8]",[2],True,True
12n0590,S_4_1,abcdeDfEgj,2.79932063828,"[1, -3, 1, -1, 0, -3, 4, -2, 1, 0, 1, -2, 4, -3, 0, -1, 1, -3, 1]","[3, 3, 3, 3, 3, 3, 3, 3, 3, 3, 3, 3]",[3],True,False
12n0591,S_4_1,abcdedfEgj,1.92678880056,"[1, 0, -2, -2, -1, -2, -2, 0, 1]",[14],[14],True,True
12n0592,S_4_1,abcdedFEGj,2.31622698349,"[1, -2, -1, 1, -1, 1, -1, -2, 1]","[3, 3, 3, 3, 3, 3, 3, 3, 3, 3, 3, 3]",[3],True,False
12n0599,S_4_1,abcbDCeDFEGJ,2.18805679605,"[1, -3, 4, -7, 7, -8, 8, -6, 8, -8, 7, -7, 4, -3, 1]","[3, 3, 3, 3, 3, 3, 3, 3, 4, 4]",[3],True,False
12n0603,S_4_1,abcdCCedfEgj,2.69205447502,"[1, -2, -2, -1, 3, 1, 3, -1, -2, -2, 1]","[3, 3, 3, 3, 3, 3, 4, 4, 4]",[3],True,False
12n0609,S_4_1,abcBdCeDfEgj,2.31222603937,"[1, -1, -1, -2, -4, -3, -4, -2, -1, -1, 1]","[3, 3, 3, 3, 3, 3, 3, 3, 3, 3, 3, 3]",[3],True,False
12n0610,S_4_1,abcdeDGJEF,2.14184460851,"[1, 0, -2, -3, -3, -3, -3, -3, -2, 0, 1]","[3, 3, 3, 3, 3, 3, 5, 5]",[3],True,False
12n0647,S_4_1,abcBdceDfegj,2.5982340589,"[1, 0, -3, -6, -7, -6, -3, 0, 1]",[14],[14],True,True
12n0653,S_4_1,abcdCedFgjEf,3.01152421615,"[1, -3, 0, -1, 2, 3, -2, -3, 3, -2, 3, -3, -2, 3, 2, -1, 0, -3, 1]","[3, 3, 3, 3, 3, 3, 3, 3, 3, 3, 3, 3]",[3],True,False
12n0657,S_4_1,aabAcbdCeDFEGJ,2.2076257861,"[1, -2, -2, 5, -1, -7, 2, 3, 2, -7, -1, 5, -2, -2, 1]","[3, 3, 3, 3, 3, 3, 3, 3, 3, 3, 3, 3]",[3],True,False
12n0668,S_4_1,abcdCedfedJEFG,3.09332351466,"[1, -3, 0, 0, -3, 1, 0, -2, -1, -2, 0, 1, -3, 0, 0, -3, 1]","[3, 3, 3, 3, 3, 3, 3, 3, 3, 3, 4]",[4],True,False
12n0686,S_4_1,abcdCedfGFEJef,2.97281980696,"[1, -4, 3, 3, -11, 7, 6, -15, 6, 7, -11, 3, 3, -4, 1]","[3, 3, 3, 3, 3, 3, 3, 3, 3, 3, 4]",[4],True,False
12n0703,S_4_1,abcdcedJEDfEgF,2.70974781286,"[1, -3, 3, -5, -1, -3, -5, 5, -10, 5, -5, -3, -1, -5, 3, -3, 1]","[3, 3, 3, 3, 3, 3, 3, 3, 3, 3, 4]",[4],True,False
12n0708,S_4_1,abcbdCedFEGIJ,2.00470780021,"[1, -1, -2, 1, -1, -1, -2, -1, 1, 0, 1, -1, -2, -1, -1, 1, -2, -1, 1]","[2, 3, 3, 3, 3, 3, 3, 3, 3, 3, 3, 3, 3]",[2],True,False
12n0711,S_4_1,abcdCeDFEGJefG,2.63799297341,"[1, -3, 0, 4, -3, -1, -4, -2, 9, -2, -4, -1, -3, 4, 0, -3, 1]","[3, 3, 3, 3, 3, 3, 3, 3, 3, 3, 4]",[4],True,False
12n0754,S_4_1,abcdCeDfGFEJeF,2.68002155541,"[1, -3, 0, 4, -5, 1, 2, -4, 1, -4, 2, 1, -5, 4, 0, -3, 1]","[3, 3, 3, 3, 3, 3, 3, 3, 3, 3, 4]",[4],True,False
12n0787,S_4_1,abcbdCedFEGJ,2.30333666512,"[1, -1, -2, 0, -4, -3, 1, -2, 0, -2, 1, -3, -4, 0, -2, -1, 1]","[3, 3, 3, 3, 3, 3, 3, 3, 3, 3, 3, 3]",[3],True,False
12n0792,S_4_1,abcdCCeDfEgJ,2.45003491352,"[1, -2, -2, 4, -1, -8, -1, 2, -1, -8, -1, 4, -2, -2, 1]","[3, 3, 3, 3, 3, 3, 3, 3, 3, 3, 3, 3]",[3],True,False
12n0804,S_4_1,abcBdCeDfEgFeJ,2.61555475548,"[1, -1, -6, 2, 9, -5, -4, 9, -4, -5, 9, 2, -6, -1, 1]","[3, 3, 3, 3, 3, 3, 3, 3, 3, 3, 3, 3]",[3],True,False
12n0821,S_4_1,abcdedFEGIj,1.80391062915,"[1, -1, -1, 1, 0, -3, -3, -1, -2, -4, -2, -1, -3, -3, 0, 1, -1, -1, 1]","[2, 3, 3, 3, 3, 3, 3, 3, 3, 3, 3, 3, 3]",[2],True,False
12n0850,S_4_1,abcdeDfegj,2.26844468523,"[1, -1, -2, -1, -2, -1, 1]",[14],[14],True,True
12a0146,S_5_1,abcdefgHIl,2.06862260778,"[1, -2, 0, -1, 2, -2, 2, -1, 2, -2, 2, -1, 0, -2, 1]","[2, 3, 3, 3, 3, 3, 3, 3, 3, 3, 3, 3, 3, 4, 4]",[2],True,False
12a0576,S_5_1,abcdefEgfhGIJl,1.90470928002,"[1, -2, 0, 0, 1, -1, 1, -1, 1, -1, 1, 0, 0, -2, 1]","[2, 3, 3, 3, 3, 3, 3, 3, 3, 3, 3, 3, 3, 4, 4]",[2],True,False
12a0716,S_5_1,abcdefghIJ,1.71168907603,"[1, -1, 0, -2, 0, 0, 0, 0, 0, -2, 0, -1, 1]","[2, 3, 3, 9, 9]",[2],True,False
12a0722,S_5_1,abcdefghiJ,2.00289321143,"[1, -3, 3, -3, 3, -3, 3, -3, 3, -3, 1]","[2, 10, 10]",[2],True,True
12a0835,S_5_1,abcdefGHIL,1.77056872822,"[1, -3, 4, -5, 5, -5, 5, -5, 4, -3, 1]","[2, 3, 3, 3, 3, 3, 3, 7, 7]",[2],True,False
12a0838,S_5_1,abcdefghiL,2.24902563796,"[1, -3, 2, -1, 2, -4, 3, -2, 2, -3, 2, -2, 3, -4, 2, -1, 2, -3, 1]","[2, 3, 3, 3, 3, 3, 3, 3, 3, 3, 3, 3, 3, 4, 4]",[2],True,False
12a0850,S_5_1,abcdefgfHGIL,2.12617648676,"[1, -3, 1, 3, -2, -3, 4, 2, -4, -2, 7, -2, -4, 2, 4, -3, -2, 3, 1, -3, 1]","[3, 3, 3, 3, 3, 3, 3, 3, 3, 3, 3, 3, 4, 4]",[3],True,False
12a0859,S_5_1,abcdefgFhGiL,2.31282903294,"[1, -3, 1, 3, -4, -1, 4, 0, -4, 2, 1, 2, -4, 0, 4, -1, -4, 3, 1, -3, 1]","[3, 3, 3, 3, 3, 3, 3, 3, 3, 3, 3, 3, 4, 4]",[3],True,False
12a0909,S_5_1,abcdeDfEgFhGiL,2.12596484342,"[1, -2, -2, 3, 3, -3, -3, 4, 4, -3, -2, 2, -2, -3, 4, 4, -3, -3, 3, 3, -2, -2, 1]","[3, 3, 3, 3, 3, 3, 3, 3, 3, 3, 3, 3, 3, 3, 3, 3]",[3],True,False
12a1120,S_5_1,abcdedfEgFHGIL,2.08664451141,"[1, -2, -2, 3, 3, -1, -5, 2, 2, -1, 0, -2, 0, -1, 2, 2, -5, -1, 3, 3, -2, -2, 1]","[3, 3, 3, 3, 3, 3, 3, 3, 3, 3, 3, 3, 3, 3, 3, 3]",[3],True,False
12a1128,S_5_1,abcdefGHIJ,1.52838892716,"[1, -1, 0, 0, 0, -2, 0, -2, 0, 0, 0, -1, 1]","[2, 5, 5, 7, 7]",[2],True,False
12a1134,S_5_1,abcdefgHIJ,1.58523610333,"[1, -3, 5, -7, 7, -7, 7, -7, 5, -3, 1]","[2, 4, 4, 8, 8]",[2],True,True
12a1273,S_5_1,abcdeFGHIJ,1.5118512553,"[1, -3, 5, -7, 9, -11, 9, -7, 5, -3, 1]","[2, 6, 6, 6, 6]",[2],True,True
12a1283,S_5_1,abcdefEgFHGIJL,1.62350166445,"[1, -2, 1, -1, 2, -1, -2, -1, 2, -1, 1, -2, 1]","[2, 3, 3, 3, 3, 3, 3, 3, 3, 6, 6]",[2],True,False
12n0242,S_5_1,abcdefghil,1.17628081826,"[1, 1, 0, -1, -1, -1, -1, -1, 0, 1, 1]",[18],[18],True,True
12n0574,S_5_1,abcdefEgfhGijl,1.55603019132,"[1, -1, -1, 1, -1, -1, 1]",[18],[18],True,True
